医保版2.0编码,医保版2.0名称
A00.000,霍乱，由于O1群霍乱弧菌，霍乱生物型所致
A00.100,霍乱，由于O1群霍乱弧菌，埃尔托生物型所致
A02.200,局限性沙门菌感染
A02.900,沙门菌感染
A03.000,志贺痢疾杆菌引起的细菌性痢疾
A03.100,弗氏志贺菌引起的细菌性痢疾
A03.200,波氏志贺菌引起的细菌性痢疾
A03.300,宋内志贺菌引起的细菌性痢疾
A03.800,细菌性痢疾，其他的
A04.000,肠道病原性大肠杆菌感染
A04.100,肠毒性大肠杆菌感染
A04.200,肠侵袭性大肠杆菌感染
A04.300,肠出血性大肠杆菌感染
A04.400,肠道大肠杆菌感染，其他的
A04.800,细菌性肠道感染，其他特指的
A06.800,阿米巴感染，其他部位的
A07.800,原虫性肠道疾病，其他特指的
A07.900,原虫性肠道疾病
A08.100,诺如病毒引起的急性胃肠病
A09.000,传染性病因的胃肠炎和结肠炎，其他和未特指的
A09.900,胃肠炎和结肠炎
A15.000,肺结核，经显微镜下痰检查证实，伴有或不伴有痰培养
A15.100,肺结核，仅经痰培养所证实
A15.200,肺结核，经组织学所证实
A15.300,肺结核，经证实的
A15.300,肺结核，经证实的
A15.300,肺结核，经证实的
A15.400,胸腔内淋巴结结核，经细菌学和组织学所证实
A15.500,喉、气管和支气管结核，经细菌学和组织学所证实
A15.600,结核性胸膜炎，经细菌学和组织学所证实
A15.700,原发性呼吸道结核，经细菌学和组织学所证实
A15.800,呼吸道结核，经细菌学和组织学所证实，其他的
A16.000,肺结核，细菌学和组织学检查为阴性
A16.100,肺结核，未做细菌学和组织学检查
A16.200,肺结核，未提及细菌学或组织学的证实
A16.300,胸腔内淋巴结结核，未提及细菌学或组织学的证实
A16.400,喉、气管和支气管结核，未提及细菌学或组织学的证实
A16.500,结核性胸膜炎，未提及细菌学或组织学的证实
A16.700,原发性呼吸道结核，未提及细菌学或组织学的证实
A16.800,呼吸道结核，未提及细菌学或组织学的证实，其他的
A16.900,呼吸道结核
A17.800,神经系统的其他结核
A18.000,骨和关节的结核
A18.100,泌尿生殖系统的结核
A18.200,结核性周围淋巴结病
A18.300,肠、腹膜和肠系膜淋巴结的结核
A18.400,皮肤和皮下组织的结核
A18.500,眼结核
A18.800,器官的结核，其他特指的
A20.800,鼠疫，其他形式的
A20.900,鼠疫
A20.900,鼠疫
A21.900,土拉菌病
A22.100,肺炭疽
A22.800,炭疽，其他形式的
A23.900,布氏菌病
A24.100,急性和暴发性类鼻疽
A24.200,亚急性和慢性类鼻疽
A25.000,螺菌病
A25.100,链杆菌病
A26.800,类丹毒，其他形式的
A27.900,钩端螺旋体病
A28.800,动物源性细菌性疾病，其他特指的，不可归类在他处者
A30.000,未定类麻风
A30.100,结核样型麻风
A31.800,分枝杆菌感染，其他的
A31.900,分枝杆菌感染
A32.100,利斯特菌性脑膜炎和脑膜脑炎
A32.800,利斯特菌病，其他形式的
A35.x00,破伤风，其他的
A36.800,"白喉,其他的"
A37.800,博德特杆菌属性百日咳，其他的
A39.800,脑膜炎球菌感染，其他的
A41.100,葡萄球菌性脓毒症，其他特指的
A41.500,革兰氏阴性病原体性脓毒症，其他的
A41.800,脓毒症，其他特指的
A42.800,放线菌病，其他形式的
A43.800,诺卡菌病，其他形式的
A49.800,细菌性感染，其他的
A51.100,初期肛门梅毒
A51.300,皮肤和黏膜二期梅毒
A51.400,二期梅毒，其他的
A52.700,晚期梅毒，其他有症状性的
A53.000,早期或晚期的潜伏性梅毒
A54.000,下泌尿生殖道的淋球菌感染不伴有尿道周或副腺的脓肿
A54.100,下泌尿生殖道的淋球菌感染伴有尿道周和副腺的脓肿
A54.200,淋球菌性盆腔腹膜炎和其他泌尿生殖道的淋球菌感染
A54.300,眼的淋球菌感染
A54.400,肌肉骨骼系统的淋球菌感染
A54.600,肛门和直肠的淋球菌感染
A54.800,淋球菌感染，其他的
A56.000,下泌尿生殖道的衣原体感染
A56.100,盆腔腹膜和其他泌尿生殖器官的衣原体感染
A56.300,肛门和直肠的衣原体感染
A57.x00,软下疳
A59.800,滴虫病，其他部位的
A60.000,生殖器和泌尿生殖道的疱疹病毒感染
A60.100,肛周皮肤和直肠的疱疹病毒感染
A69.100,樊尚螺旋体感染，其他的
A74.800,衣原体疾病，其他的
A75.000,普氏立克次体引起的流行性虱媒介的斑疹伤寒
A79.800,立克次体病，其他特指的
A80.300,急性麻痹性脊髓灰质炎，其他的
A84.800,蜱媒介的病毒性脑炎，其他的
A93.800,节肢动物媒介的病毒性发热，其他特指的
A94.x00,节肢动物媒介的病毒性发热
A98.500,出血热伴有肾综合征
B00.200,疱疹病毒性龈口炎和咽扁桃体炎
B00.500,疱疹病毒性眼病
B00.800,疱疹病毒感染，其他形式的
B00.900,疱疹病毒感染
B01.800,水痘伴有其他并发症
B01.900,水痘不伴有并发症
B02.200,带状疱疹累及其他神经系统
B02.300,带状疱疹眼病
B02.900,带状疱疹不伴有并发症
B05.800,麻疹伴有其他并发症
B05.900,麻疹不伴有并发症
B06.000,风疹伴有神经科并发症
B07.x00,病毒性疣
B08.000,感染，其他正痘病毒属的
B08.400,肠病毒性水疱性口炎伴有疹病
B08.800,以皮肤和黏膜损害为特征的病毒性感染，其他特指的
B09.x00,以皮肤和黏膜损害为特征的病毒性感染
B16.900,急性乙型肝炎，不伴有δ因子（共同感染），也不伴有肝昏迷
B17.800,急性病毒性肝炎，其他特指的
B17.800,急性病毒性肝炎，其他特指的
B17.800,急性病毒性肝炎，其他特指的
B17.800,急性病毒性肝炎，其他特指的
B18.800,慢性病毒性肝炎，其他的
B18.800,慢性病毒性肝炎，其他的
B20.000,人类免疫缺陷病毒[HIV]病造成的分枝杆菌感染
B20.800,人类免疫缺陷病毒[HIV]病造成的其他传染病和寄生虫病
B20.900,人类免疫缺陷病毒[HIV]病造成的传染病和寄生虫病
B22.000,人类免疫缺陷病毒[HIV]病造成的脑病
B24.x00,人类免疫缺陷病毒[HIV]病
B25.800,巨细胞病毒病，其他的
B25.900,巨细胞病毒病
B26.800,流行性腮腺炎伴有其他并发症
B26.900,流行性腮腺炎不伴有并发症
B34.800,病毒性感染，其他的
B35.800,皮肤癣菌病，其他的
B35.900,皮肤癣菌病
B36.000,花斑癣
B36.900,浅部真菌病
B37.200,皮肤和指[趾]甲念珠菌病
B37.400,泌尿生殖系部位的念珠菌病，其他的
B37.800,念珠菌病，其他部位的
B41.800,副球孢子菌病，其他形式的
B44.100,肺曲霉病，其他的
B44.800,曲霉病，其他形式的
B45.800,隐球菌病，其他形式的
B46.800,接合菌病，其他的
B46.900,接合菌病
B48.800,真菌病，其他特指的
B49.x00,真菌病
B56.000,冈比亚锥虫病
B56.100,津巴布韦锥虫病
B57.000,急性查加斯病累及心脏
B57.200,慢性查加斯病累及心脏
B57.400,慢性查加斯病累及神经系统
B58.800,弓形虫病，累及其他器官
B60.100,棘阿米巴病
B60.200,纳归虫病
B60.800,原虫性疾病，其他特指的
B65.000,埃及血吸虫引起的血吸虫病[泌尿道血吸虫病]
B65.100,曼森裂体吸虫引起的血吸虫病[肠道血吸虫病]
B65.200,日本血吸虫引起的血吸虫病
B65.800,血吸虫病，其他的
B65.900,血吸虫病
B66.800,吸虫感染，其他特指的
B67.300,细粒棘球蚴感染，其他部位和多部位的
B67.500,肝多房棘球蚴感染
B67.600,多房棘球蚴感染，其他部位和多部位的
B67.700,多房棘球蚴感染
B67.900,棘球蚴病，其他的
B68.900,绦虫病
B69.000,中枢神经系统囊虫病
B69.800,囊虫病，其他部位的
B69.900,囊虫病
B74.000,斑氏吴策线虫引起的丝虫病
B74.100,马来（布鲁格）丝虫引起的丝虫病
B74.200,帝汶（布鲁格）丝虫引起的丝虫病
B74.800,"丝虫病,其他的"
B77.000,蛔虫病伴有肠道并发症
B77.800,蛔虫病伴有其他并发症
B78.900,类圆线虫病
B81.800,肠道蠕虫病，其他特指的
B83.200,广州副圆线虫引起的血管圆线虫病
B83.800,蠕虫病，其他特指的
B87.800,蝇蛆病，其他部位的
B88.000,螨病，其他的
B88.200,节肢动物侵染，其他的
B88.800,病虫侵染，其他特指的
B88.900,病虫侵染
B90.800,"器官结核的后遗症,其他的"
B90.900,呼吸道结核和结核的后遗症
B94.800,传染病和寄生虫病的后遗症，其他特指的
B96.500,假单胞菌属（铜绿）作为分类于其他章疾病的原因
B99.x00,传染病，其他的
C12.x00,梨状窦恶性肿瘤
C13.100,杓状会厌褶，咽下面的恶性肿瘤
C15.800,食管交搭跨越恶性肿瘤的损害
C16.300,幽门窦恶性肿瘤
C18.800,结肠交搭跨越恶性肿瘤的损害
C25.700,胰其他部位的恶性肿瘤
C25.800,胰交搭跨越恶性肿瘤的损害
C31.900,鼻旁窦恶性肿瘤
C34.100,上叶，支气管或肺的恶性肿瘤
C34.200,中叶，支气管或肺的恶性肿瘤
C34.300,下叶，支气管或肺的恶性肿瘤
C34.900,支气管或肺恶性肿瘤
C39.900,呼吸系统不明确部位的恶性肿瘤
C40.000,上肢长骨和肩胛骨恶性肿瘤
C40.000,上肢长骨和肩胛骨恶性肿瘤
C40.100,上肢短骨恶性肿瘤
C40.200,下肢长骨恶性肿瘤
C40.300,下肢短骨恶性肿瘤
C40.900,四肢骨和关节软骨恶性肿瘤
C41.000,颅骨和面骨恶性肿瘤
C41.200,脊柱恶性肿瘤
C41.300,肋骨、胸骨和锁骨恶性肿瘤
C41.400,盆骨、骶骨和尾骨恶性肿瘤
C41.900,骨和关节软骨恶性肿瘤
C43.100,眼睑（包括眦）恶性黑色素瘤
C43.200,耳和外耳道恶性黑色素瘤
C43.400,头皮和颈部恶性黑色素瘤
C43.700,下肢（包括髋）恶性黑色素瘤
C44.100,眼睑（包括眦）皮肤恶性肿瘤
C44.200,耳和外耳道皮肤恶性肿瘤
C44.400,头皮和颈部皮肤恶性肿瘤
C47.000,头、面和颈部周围神经恶性肿瘤
C47.100,上肢（包括肩）周围神经恶性肿瘤
C47.200,下肢（包括髋）周围神经恶性肿瘤
C49.000,头、面和颈部结缔组织和软组织恶性肿瘤
C49.100,上肢（包括肩）结缔组织和软组织恶性肿瘤
C49.200,下肢（包括髋）结缔组织和软组织恶性肿瘤
C49.300,胸部结缔组织和软组织恶性肿瘤
C49.900,结缔组织和软组织恶性肿瘤
C57.800,女性生殖器官交搭跨越恶性肿瘤的损害
C64.x00,肾（除外肾盂）恶性肿瘤
C69.000,结合膜恶性肿瘤
C69.500,泪腺和泪管恶性肿瘤
C70.100,脊（髓）膜恶性肿瘤
C75.500,主动脉体和其他节旁体恶性肿瘤
C76.000,头、面和颈部恶性肿瘤
C77.000,头、面和颈部淋巴结继发性的恶性肿瘤
C77.400,腹股沟和下肢淋巴结继发性的恶性肿瘤
C78.300,呼吸器官继发性恶性肿瘤，其他的
C78.500,大肠和直肠继发性恶性肿瘤
C78.600,腹膜后和腹膜继发性恶性肿瘤
C78.800,消化器官继发性恶性肿瘤，其他和未特指的
C79.000,肾和肾盂继发性恶性肿瘤
C79.100,膀胱和其他及泌尿器官继发性恶性肿瘤
C79.400,神经系统继发性恶性肿瘤，其他和未特指部位的
C79.500,骨和骨髓继发性恶性肿瘤
C79.800,继发性恶性肿瘤，其他特指部位的
C92.400,急性早幼粒细胞白血病
C92.500,急性粒-单核细胞白血病
C93.000,急性单核细胞白血病
C95.700,"白血病,其他的"
D00.000,唇、口腔和咽原位癌
D01.300,肛门和肛管原位癌
D01.400,肠其他和未特指部位的原位癌
D01.500,肝、胆囊和胆道原位癌
D02.200,支气管和肺原位癌
D03.100,眼睑（包括眦）原位黑色素瘤
D03.200,耳和外耳道原位黑色素瘤
D03.300,面部其他和未特指部位的原位黑色素瘤
D03.400,头皮和颈部原位黑色素瘤
D03.700,下肢（包括髋）原位黑色素瘤
D04.100,眼睑（包括眦）皮肤原位癌
D04.200,耳和外耳道皮肤原位癌
D04.300,面部其他和未特指部位皮肤的原位癌
D04.400,头皮和颈部皮肤原位癌
D04.600,上肢（包括肩）皮肤原位癌
D04.700,下肢（包括髋）皮肤原位癌
D04.900,皮肤的原位癌
D07.300,女性生殖器官其他和未特指的原位癌
D07.600,男性生殖器官其他和未特指的原位癌
D09.100,泌尿器官其他和未特指的原位癌
D10.300,口良性肿瘤，其他和未特指部位的
D10.500,口咽良性肿瘤，其他部位的
D10.500,口咽良性肿瘤，其他部位的
D10.500,口咽良性肿瘤，其他部位的
D10.500,口咽良性肿瘤，其他部位的
D10.500,口咽良性肿瘤，其他部位的
D11.700,大涎腺的良性肿瘤，其他的
D12.900,肛门和肛管良性肿瘤
D13.300,小肠良性肿瘤，其他和未特指部位的
D13.700,胰腺内分泌的良性肿瘤
D14.000,中耳、鼻腔和鼻旁窦良性肿瘤
D14.300,支气管和肺良性肿瘤
D16.000,肩胛骨和上肢长骨良性肿瘤
D16.100,上肢短骨良性肿瘤
D16.200,下肢长骨良性肿瘤
D16.300,下肢短骨良性肿瘤
D16.400,颅骨和面骨良性肿瘤
D16.600,脊柱良性肿瘤
D16.700,肋骨、胸骨和锁骨良性肿瘤
D16.800,骨盆骨、骶骨和尾骨良性肿瘤
D16.900,骨和关节软骨良性肿瘤
D17.000,头、面和颈部皮肤和皮下组织良性脂肪瘤样肿瘤
D17.100,躯干皮肤和皮下组织良性脂肪瘤样肿瘤
D17.200,四肢皮肤和皮下组织良性脂肪瘤样肿瘤
D17.300,皮肤和皮下组织良性脂肪瘤样肿瘤，其他部位的
D17.600,精索良性脂肪瘤样肿瘤
D17.700,良性脂肪瘤样肿瘤，其他部位的
D17.900,良性脂肪瘤样肿瘤
D18.000,血管瘤，任何部位
D18.100,淋巴管瘤，任何部位
D19.900,间皮组织良性肿瘤
D21.900,结缔组织和其他软组织良性肿瘤
D22.200,耳和外耳道黑素细胞痣
D22.300,面部黑素细胞痣，其他和未特指部位的
D22.400,头皮和颈部黑素细胞痣
D23.100,眼睑（包括眦）皮肤良性肿瘤
D23.200,耳和外耳道皮肤良性肿瘤
D23.300,面部其他和未特指部位皮肤的良性肿瘤
D23.400,头皮和颈部皮肤良性肿瘤
D23.600,上肢（包括肩）皮肤良性肿瘤
D23.700,下肢（包括髋）皮肤良性肿瘤
D25.100,子宫壁内平滑肌瘤
D28.200,输卵管和子宫韧带良性肿瘤
D28.700,女性生殖器官良性肿瘤，其他特指的
D29.700,男性生殖器官良性肿瘤，其他的
D30.700,泌尿器官良性肿瘤，其他的
D31.000,结合膜良性肿瘤
D31.500,泪腺和泪管良性肿瘤
D33.700,中枢神经系统良性肿瘤，其他特指部位的
D35.600,主动脉体和其他节旁体良性肿瘤
D36.100,周围神经和自主神经系统良性肿瘤
D36.700,良性肿瘤，其他特指部位的
D36.900,良性肿瘤
D37.000,唇、口腔和咽动态未定或动态未知的肿瘤
D37.100,胃动态未定或动态未知的肿瘤
D37.200,小肠动态未定或动态未知的肿瘤
D37.300,阑尾动态未定或动态未知的肿瘤
D37.400,结肠动态未定或动态未知的肿瘤
D37.500,直肠动态未定或动态未知的肿瘤
D37.600,肝、胆囊和胆管动态未定或动态未知的肿瘤
D37.700,消化器官，其他的动态未定或动态未知的肿瘤
D37.900,消化器官动态未定或动态未知的肿瘤
D38.000,喉动态未定或动态未知的肿瘤
D38.100,气管、支气管和肺动态未定或动态未知的肿瘤
D38.200,胸膜动态未定或动态未知的肿瘤
D38.300,纵隔动态未定或动态未知的肿瘤
D38.400,胸腺动态未定或动态未知的肿瘤
D38.500,呼吸器官动态未定或动态未知的肿瘤，其他的
D38.600,呼吸器官的动态未定或动态未知的肿瘤
D39.000,子宫动态未定或动态未知的肿瘤
D39.100,卵巢动态未定或动态未知的肿瘤
D39.200,胎盘动态未定或动态未知的肿瘤
D39.700,女性生殖器官动态未定或动态未知的肿瘤，其他的
D39.900,女性生殖器官的动态未定或动态未知的肿瘤
D40.000,前列腺动态未定或动态未知的肿瘤
D40.100,睾丸动态未定或动态未知的肿瘤
D40.700,男性生殖器官动态未定或动态未知的肿瘤，其他的
D40.900,男性生殖器官的动态未定或动态未知的肿瘤
D41.000,肾动态未定或动态未知的肿瘤
D41.100,肾盂动态未定或动态未知的肿瘤
D41.200,输尿管动态未定或动态未知的肿瘤
D41.300,尿道动态未定或动态未知的肿瘤
D41.400,膀胱动态未定或动态未知的肿瘤
D41.900,泌尿器官的动态未定或动态未知的肿瘤
D42.000,脑膜动态未定或动态未知的肿瘤
D42.100,脊（髓）膜动态未定或动态未知的肿瘤
D42.900,脑脊膜的动态未定或动态未知的肿瘤
D43.000,脑幕上动态未定或动态未知的肿瘤
D43.100,脑幕下动态未定或动态未知的肿瘤
D43.200,脑的动态未定或动态未知的肿瘤
D43.300,脑神经动态未定或动态未知的肿瘤
D43.400,脊髓动态未定或动态未知的肿瘤
D43.900,中枢神经系统的动态未定或动态未知的肿瘤
D44.000,甲状腺动态未定或动态未知的肿瘤
D44.100,肾上腺动态未定或动态未知的肿瘤
D44.200,甲状旁腺动态未定或动态未知的肿瘤
D44.300,垂体动态未定或动态未知的肿瘤
D44.400,颅咽管动态未定或动态未知的肿瘤
D44.500,松果体动态未定或动态未知的肿瘤
D44.600,颈动脉体动态未定或动态未知的肿瘤
D44.900,内分泌腺的动态未定或动态未知的肿瘤
D48.000,骨和关节软骨动态未定或动态未知的肿瘤
D48.100,结缔组织和其他软组织动态未定或动态未知的肿瘤
D48.200,周围神经和自主神经系统动态未定或动态未知的肿瘤
D48.300,腹膜后腔动态未定或动态未知的肿瘤
D48.400,腹膜动态未定或动态未知的肿瘤
D48.500,皮肤动态未定或动态未知的肿瘤
D48.600,乳房动态未定或动态未知的肿瘤
D48.700,"动态未定或动态未知的肿瘤,其他特指部位的"
D50.800,"缺铁性贫血,其他的"
D52.000,饮食性叶酸盐缺乏性贫血
D52.900,叶酸盐缺乏性贫血
D53.800,营养性贫血，其他特指的
D55.100,谷胱甘肽代谢紊乱性贫血，其他的
D57.000,镰状细胞性贫血伴有危象
D58.200,血红蛋白病，其他的
D59.100,自身免疫性溶血性贫血，其他的
D59.300,溶血-尿毒症综合征
D59.400,非自身免疫性溶血性贫血，其他的
D60.000,慢性后天性纯红细胞再生障碍
D60.100,短暂后天性纯红细胞再生障碍
D60.900,后天性纯红细胞再生障碍
D61.100,药物性再生障碍性贫血
D61.200,再生障碍性贫血，其他外因引起的
D61.800,再生障碍性贫血，其他特指的
D64.400,先天性红细胞生成不良性贫血
D64.800,贫血，其他特指的
D65.x00,播散性血管内凝血［去纤维蛋白综合征］
D66.x00,遗传性因子Ⅷ缺乏
D67.x00,遗传性因子Ⅸ缺乏
D68.100,遗传性因子Ⅺ缺乏
D68.200,凝血因子的遗传性缺乏，其他的
D68.600,血栓形成倾向，其他的
D68.800,凝血缺陷，其他特指的
D68.900,凝血缺陷
D69.100,血小板质量缺陷
D73.800,脾的其他疾病
D74.800,高铁血红蛋白血症，其他的
D75.900,血液和造血器官的疾病
D76.100,噬红细胞性淋巴细胞与组织细胞增多症
D80.200,免疫球蛋白A［IgA］的选择性缺乏
D80.600,伴有接近正常的免疫球蛋白或伴有高免疫球蛋白血症的抗体缺陷
D86.800,结节病，其他和联合部位的
E01.800,碘缺乏相关性甲状腺疾患和有关情况，其他的
E03.200,药物和其他外源性物质引起的甲状腺功能减退症
E03.800,甲状腺功能减退症，其他特指的
E04.800,非毒性甲状腺肿，其他特指的
E04.900,非毒性甲状腺肿
E05.800,甲状腺毒症，其他的
E05.900,甲状腺毒症
E07.800,甲状腺疾患，其他特指的
E07.900,甲状腺疾患
E10.200,1型糖尿病伴有肾的并发症
E10.300,1型糖尿病伴有眼的并发症
E10.400,1型糖尿病伴有神经的并发症
E10.500,1型糖尿病伴有周围循环并发症
E10.600,1型糖尿病伴有其他特指的并发症
E11.100,2型糖尿病伴有酮症酸中毒
E11.200,2型糖尿病伴有肾的并发症
E11.300,2型糖尿病伴有眼的并发症
E11.500,2型糖尿病伴有周围循环并发症
E11.600,2型糖尿病伴有其他特指的并发症
E11.700,2型糖尿病伴有多个并发症
E13.100,糖尿病伴有酮症酸中毒，其他特指的
E13.200,糖尿病伴有肾的并发症，其他特指的
E13.300,糖尿病伴有眼的并发症，其他特指的
E13.400,糖尿病伴有神经的并发症，其他特指的
E13.500,糖尿病伴有周围循环并发症，其他特指的
E13.900,糖尿病不伴有并发症，其他特指的
E14.200,糖尿病伴有肾的并发症
E14.300,糖尿病伴有眼的并发症
E14.500,糖尿病伴有周围循环并发症
E14.600,糖尿病伴有其他特指的并发症
E14.900,糖尿病不伴有并发症
E15.x00,非糖尿病低血糖性昏迷
E16.000,药物性低血糖不伴有昏迷
E16.100,低血糖，其他的
E16.800,胰腺内分泌其他特指的疾患
E16.900,胰腺内分泌的疾患
E20.800,甲状旁腺功能减退症，其他的
E21.100,继发性甲状旁腺功能亢进症，不可归类在他处者
E21.200,甲状旁腺功能亢进症，其他的
E21.400,甲状旁腺其他特指的疾患
E22.000,肢端肥大症和垂体性巨人症
E22.800,垂体功能亢进，其他的
E23.300,下丘脑功能不良，不可归类在他处者
E23.600,垂体疾患，其他的
E23.700,垂体疾患
E24.800,库欣综合征，其他的
E25.000,先天性肾上腺性征疾患伴有酶缺乏
E25.800,"肾上腺性征疾患,其他的"
E25.900,肾上腺性征疾患
E26.800,"醛固酮过多症,其他的"
E27.000,"肾上腺皮质活动过度,其他的"
E27.100,原发性肾上腺皮质功能减退症
E27.400,肾上腺皮质功能减退症，其他和未特指的
E27.800,肾上腺其他特指的疾患
E27.900,肾上腺的疾患
E28.300,原发性卵巢功能衰竭
E28.800,卵巢功能障碍，其他的
E30.800,"青春期疾患,其他的"
E32.800,胸腺病，其他的
E34.300,身材矮小症，不可归类在他处者
E34.800,内分泌疾患，其他特指的
E34.900,内分泌疾患
E46.x00,蛋白质-能量营养不良
E50.000,维生素A缺乏病伴有结膜干燥症
E50.100,维生素A缺乏病伴有比托斑点及结膜干燥症
E50.200,维生素A缺乏病伴有角膜干燥症
E50.300,维生素A缺乏病伴有角膜溃疡和干燥症
E50.400,维生素A缺乏病伴有角膜软化症
E50.500,维生素A缺乏病伴有夜盲症
E50.600,维生素A缺乏病伴有角膜干眼性瘢痕
E50.700,维生素A缺乏病的其他眼部表现
E50.800,维生素A缺乏病的其他表现
E53.800,B族维生素缺乏病，其他特指的
E55.000,佝偻病，活动性
E56.800,维生素缺乏病，其他的
E65.x00,局部多脂症
E66.800,肥胖症，其他的
E70.100,高苯丙酮酸尿，其他的
E70.800,芳香氨基酸代谢紊乱，其他的
E71.100,支链氨基酸代谢紊乱，其他的
E72.000,氨基酸转移紊乱
E72.100,载硫氨基酸代谢紊乱
E72.200,尿素循环代谢紊乱
E72.300,赖氨酸和羟赖氨酸代谢紊乱
E72.800,氨基酸代谢紊乱，其他特指的
E72.900,氨基酸代谢紊乱
E74.300,肠碳水化合物吸收障碍，其他的
E74.800,碳水化合物代谢紊乱，其他特指的
E74.900,碳水化合物代谢紊乱
E75.000,GM2神经节苷脂贮积症
E75.100,"神经节苷脂贮积症,其他的"
E75.200,"神经鞘脂贮积症,其他的"
E75.500,脂贮积疾患，其他的
E75.600,脂贮积疾患
E76.200,黏多糖贮积症，其他的
E76.900,糖胺聚糖代谢紊乱
E77.100,糖蛋白递降分解缺陷
E77.800,"糖蛋白代谢紊乱,其他的"
E78.300,高乳糜微粒血症
E78.400,高脂血症，其他的
E78.800,脂蛋白代谢紊乱，其他的
E79.000,高尿酸血症不伴有感染性关节炎体征和砂砾性病
E79.800,嘌呤和嘧啶代谢紊乱，其他的
E80.200,卟啉症，其他的
E80.300,过氧化氢酶和过氧化物酶缺陷
E80.600,胆红素代谢紊乱，其他的
E83.300,磷和磷酸酶代谢紊乱
E83.400,镁代谢紊乱
E83.500,钙代谢紊乱
E84.000,囊性纤维化病伴有肺表现
E84.100,囊性纤维化病伴有肠表现
E84.800,囊性纤维化病伴有其他表现
E85.100,神经病性家族遗传性淀粉样变
E85.200,家族遗传性淀粉样变
E85.300,继发性全身性淀粉样变
E85.400,限定于器官的淀粉样变
E86.x00,血容量缺失
E87.000,高渗透性和高钠血症
E87.100,低渗透性和低钠血症
E87.200,酸中毒
E87.300,碱中毒
E87.800,电解质和液体平衡的其他紊乱，不可归类在他处者
E88.000,血浆蛋白代谢紊乱，不可归类在他处者
E88.100,脂肪营养不良，不可归类在他处者
E88.200,脂肪过多症，不可归类在他处者
E88.800,代谢紊乱，其他特指的
E88.900,代谢紊乱
E89.200,操作后甲状旁腺功能减退症
E89.300,操作后垂体功能减退症
E89.400,操作后卵巢功能衰竭
E89.500,操作后睾丸功能减退
E89.600,操作后肾上腺皮质（髓质）功能减退
E89.800,操作后内分泌和代谢紊乱，其他的
F01.800,血管性痴呆，其他的
F04.x00,器质性遗忘综合征，非由酒精和其他精神活性物质所致
F05.800,谵妄，其他的
F07.800,脑部疾病、损害和功能障碍引起的其他器质性人格和行为障碍
F09.x00,器质性或症状性精神障碍
F15.200,使用其他兴奋剂（包括咖啡因）引起的依赖综合征
F15.300,使用其他兴奋剂（包括咖啡因）引起的戒断状态
F15.400,使用其他兴奋剂（包括咖啡因）引起的戒断状态伴有谵妄
F15.500,使用其他兴奋剂（包括咖啡因）引起的精神性障碍
F15.600,使用其他兴奋剂（包括咖啡因）引起的遗忘综合征
F15.700,使用其他兴奋剂（包括咖啡因）引起的残留性和迟发性精神病性障碍
F15.900,使用其他兴奋剂（包括咖啡因）引起的精神和行为障碍
F20.800,精神分裂症，其他的
F23.300,急性精神病性障碍，其他以妄想为主的
F28.x00,其他非器质性精神病性障碍
F30.800,躁狂发作，其他的
F30.800,躁狂发作，其他的
F31.300,双相情感障碍，目前为轻度或中度抑郁发作
F31.800,"双相情感障碍,其他的"
F32.000,轻度抑郁发作
F32.100,中度抑郁发作
F32.800,抑郁发作，其他的
F38.000,单次发作的心境［情感］障碍，其他的
F38.100,复发性心境［情感］障碍，其他的
F40.200,特定的（孤立的）恐怖
F41.300,混合性焦虑障碍，其他的
F43.800,应激反应，其他严重的
F44.800,分离［转换］性障碍，其他的
F45.800,"躯体形式障碍,其他的"
F48.800,神经症性障碍，其他特指的
F50.400,与其他心理紊乱有关的暴食
F50.500,与其他心理紊乱有关的呕吐
F50.800,进食障碍，其他的
F53.000,与产褥期有关的轻度精神和行为障碍，不可归类在他处者
F53.100,与产褥期有关的重度精神和行为障碍，不可归类在他处者
F60.800,人格障碍，其他特指的
F64.000,易性症
F84.300,童年瓦解性障碍，其他的
G04.900,脑炎、脊髓炎和脑脊髓炎
G06.000,颅内脓肿和肉芽肿
G06.100,椎管内脓肿和肉芽肿
G25.800,锥体束外和运动疾患，其他特指的
G40.800,癫痫，其他的
G41.800,癫痫持续状态，其他的
G43.800,偏头痛，其他的
G47.400,发作性睡病和猝倒症
G47.800,"睡眠障碍,其他的"
G50.800,三叉神经的其他疾患
G51.800,面神经的其他疾患
G52.800,脑神经疾患，其他特指的
G54.800,"神经根和神经丛疾患,其他的"
G56.800,上肢其他单神经病
G57.800,下肢其他单神经病
G58.800,单神经病，其他特指的
G60.800,遗传性和特发性神经病，其他的
G61.800,炎性多神经病，其他的
G62.800,多神经病，其他特指的
G70.800,肌神经疾患，其他特指的
G72.800,肌病，其他特指的
G83.800,麻痹［瘫痪］综合征，其他特指的
G90.800,自主神经系统的其他疾患
G91.800,脑积水，其他的
G93.800,脑其他特指的疾患
G96.800,中枢神经系统其他特指的疾患
G97.800,神经系统的其他操作后疾患
H00.000,睑腺炎和眼睑的其他深部炎症
H01.800,眼睑其他特指的炎症
H02.800,眼睑其他特指的疾患
H04.500,泪道狭窄和关闭不全
H04.800,泪器系的其他疾患
H10.800,结膜炎，其他的
H11.800,结膜其他特指的疾患
H11.800,结膜其他特指的疾患
H15.800,巩膜的其他疾患
H16.300,基质层和深层角膜炎
H16.800,角膜炎，其他的
H17.800,角膜瘢痕和混浊，其他的
H17.900,角膜瘢痕和混浊
H18.800,角膜其他特指的疾患
H18.800,角膜其他特指的疾患
H20.000,急性和亚急性虹膜睫状体炎
H21.300,虹膜睫状体和前房囊肿
H26.000,婴儿、幼年和老年前期白内障
H26.800,白内障，其他特指的
H30.800,脉络膜视网膜炎，其他的
H31.800,脉络膜其他特指的疾患
H35.800,视网膜其他特指的疾患
H40.800,"青光眼,其他的"
H40.800,"青光眼,其他的"
H40.800,"青光眼,其他的"
H40.800,"青光眼,其他的"
H43.800,玻璃体的其他疾患
H50.800,斜视，其他特指的
H52.300,屈光参差和影像不等
H53.800,视觉障碍，其他的
H57.800,眼和附器其他特指的疾患
H59.800,眼和附器的其他操作后疾患
H60.500,急性外耳炎，非感染性
H60.800,外耳炎，其他特指的
H61.100,耳廓非感染性疾患
H61.800,外耳其他特指的疾患
H61.900,外耳疾患
H65.000,急性浆液性中耳炎
H65.100,急性非化脓性中耳炎，其他的
H66.100,慢性咽鼓管及鼓室化脓性中耳炎
H66.300,慢性化脓性中耳炎，其他的
H73.800,鼓膜其他特指的疾患
H74.100,粘连性中耳疾病
H74.200,听骨不连续性和脱位
H74.800,中耳和乳突其他特指的疾患
H80.000,耳硬化累及前庭窗，非闭塞性
H80.100,耳硬化累及前庭窗，闭塞性
H80.800,耳硬化，其他的
H81.300,周围性眩晕，其他的
H83.300,噪声对内耳的影响
H83.800,内耳其他特指的疾病
H83.900,内耳疾病
H90.800,混合性传导性和感音神经性听觉丧失
H91.300,聋哑，不可归类在他处者
H91.800,听觉丧失，其他特指的
H93.000,耳的变性性和血管性疾患
H93.200,听觉异常，其他特指的
H93.800,耳其他特指的疾患
H93.900,耳疾患
H95.000,乳突切除术后空腔的复发性胆脂瘤
H95.100,乳突切除术后的其他疾患
I00.x00,风湿热，未提及心脏受累
I01.800,"急性风湿性心脏病,其他的"
I02.900,风湿性舞蹈症不伴有心脏受累
I09.800,风湿性心脏病，其他特指的
I10.x00,特发性（原发性）高血压
I11.000,高血压心脏病伴有（充血性）心力衰竭
I11.900,高血压心脏病不伴有（充血性）心力衰竭
I12.000,高血压肾脏病伴有肾衰竭
I12.900,高血压肾脏病不伴有肾衰竭
I13.900,高血压心脏和肾脏病
I15.100,继发于其他肾疾患的高血压
I15.200,继发于内分泌疾患的高血压
I15.800,继发性高血压，其他的
I20.100,心绞痛伴有确证的痉挛
I20.800,心绞痛，其他类型的
I21.000,前壁急性透壁性心肌梗死
I21.100,下壁急性透壁性心肌梗死
I21.200,急性透壁心肌梗死，其他部位的
I21.300,急性透壁性心肌梗死
I21.300,急性透壁性心肌梗死
I21.400,急性心内膜下心肌梗死
I22.000,前壁的随后性心肌梗死
I22.100,下壁的随后性心肌梗死
I22.800,随后性心肌梗死，其他部位的
I22.900,随后性心肌梗死
I23.000,心包积血作为急性心肌梗死后的近期并发症
I23.200,室间隔缺损作为急性心肌梗死后的近期并发症
I23.300,心壁破裂不伴有心包积血作为急性心肌梗死后的近期并发症
I23.400,腱索断裂作为急性心肌梗死后的近期并发症
I23.500,乳头肌断裂作为急性心肌梗死后的近期并发症
I23.600,心房、心耳和心室的血栓形成作为急性心肌梗死后的近期并发症
I24.000,冠状动脉血栓形成，未造成心肌梗死
I24.800,急性缺血性心脏病，其他类型的
I24.900,急性缺血性心脏病
I25.100,动脉硬化性心脏病
I25.600,无症状心肌缺血
I25.800,慢性缺血性心脏病，其他类型的
I26.000,肺栓塞提及急性肺源性心脏病
I26.900,肺栓塞未提及急性肺源性心脏病
I27.000,原发性肺动脉高压
I27.200,继发性肺动脉高压，其他的
I27.800,肺源性心脏病，其他特指的
I28.000,肺血管动静脉瘘
I28.800,肺血管其他特指的疾病
I30.800,急性心包炎，其他类型的
I31.800,心包其他特指的疾病
I31.900,心包疾病
I33.000,急性和亚急性感染性心内膜炎
I34.800,非风湿性二尖瓣疾患，其他的
I35.800,主动脉瓣疾患，其他的
I36.800,非风湿性三尖瓣疾患，其他的
I38.x00,瓣膜心内膜炎
I40.000,感染性心肌炎
I40.800,急性心肌炎，其他的
I42.000,扩张型心肌病
I42.200,肥厚型心肌病，其他的
I42.400,心内膜弹力纤维增生症
I42.500,限制型心肌病，其他的
I42.700,药物和其他外部因素引起的心肌病
I42.800,心肌病，其他的
I44.300,房室传导阻滞，其他和未特指的
I44.600,分支传导阻滞，其他和未特指的
I44.600,分支传导阻滞，其他和未特指的
I45.100,右束支传导阻滞，其他和未特指的
I45.400,非特异性室内传导阻滞
I45.500,心脏传导阻滞，其他特指的
I45.800,传导疾患，其他特指的
I45.900,传导疾患
I46.100,被描述为心脏性猝死
I46.900,心脏停搏
I48.900,心房颤动和心房扑动，未特指
I49.000,心室颤动和扑动
I49.100,心房过早除极
I49.200,交界性过早除极
I49.300,心室过早除极
I49.400,过早除极，其他的
I49.800,心律失常，其他特指的
I49.800,心律失常，其他特指的
I51.000,心间隔缺损，后天性
I51.100,腱索断裂，不可归类在他处者
I51.200,乳头肌断裂，不可归类在他处者
I51.300,心内血栓形成，不可归类在他处者
I51.500,心肌变性
I51.600,心血管疾病
I51.800,"心脏病,其他不明确的"
I60.500,椎动脉的蛛网膜下出血
I60.600,颅内动脉的蛛网膜下出血，其他的
I60.700,颅内动脉的蛛网膜下出血
I60.800,蛛网膜下出血，其他的
I60.900,蛛网膜下出血
I61.000,大脑半球的脑内出血，皮质下
I61.100,大脑半球的脑内出血，皮质的
I61.300,脑干的脑内出血
I61.400,小脑的脑内出血
I61.500,脑内出血，脑室内
I61.600,脑内出血，多处局限性
I61.800,脑内出血，其他的
I61.900,脑内出血
I63.400,大脑动脉栓塞引起的脑梗死
I63.800,脑梗死，其他的
I64.x00,脑卒中
I65.000,椎动脉闭塞和狭窄
I65.100,基底动脉闭塞和狭窄
I65.200,颈动脉闭塞和狭窄
I65.300,多个和双侧入脑前动脉的闭塞和狭窄
I65.800,"入脑前动脉的闭塞和狭窄,其他的"
I65.900,入脑前动脉的闭塞和狭窄
I66.000,大脑中动脉闭塞和狭窄
I66.100,大脑前动脉闭塞和狭窄
I66.200,大脑后动脉闭塞和狭窄
I66.300,小脑动脉闭塞和狭窄
I66.800,大脑动脉闭塞和狭窄，其他的
I66.900,大脑动脉的闭塞和狭窄
I67.000,大脑动脉夹层形成，未破裂
I67.100,脑动脉瘤，未破裂
I67.300,进行性血管性脑白质病
I67.600,颅内静脉系统的非脓性血栓形成
I67.700,大脑动脉炎，不可归类在他处者
I67.800,脑血管疾病，其他特指的
I69.000,蛛网膜下出血后遗症
I69.100,脑内出血后遗症
I69.200,非创伤性颅内出血后遗症，其他的
I69.800,脑血管病后遗症，其他和未特指的
I70.000,主动脉的动脉粥样硬化
I70.100,肾动脉的动脉粥样硬化
I70.200,四肢动脉的动脉粥样硬化
I70.800,动脉的动脉粥样硬化，其他的
I70.900,全身性的动脉粥样硬化
I71.000,主动脉夹层［任何部分］
I71.200,胸主动脉瘤，未提及破裂
I71.400,腹主动脉瘤，未提及破裂
I71.600,胸腹主动脉瘤，未提及破裂
I71.900,主动脉瘤，未提及破裂
I73.000,雷诺综合征
I73.800,周围血管疾病，其他特指的
I73.900,周围血管疾病
I74.000,腹主动脉栓塞和血栓形成
I74.100,主动脉的栓塞和血栓形成，其他部位
I74.200,上肢动脉栓塞和血栓形成
I74.300,下肢动脉栓塞和血栓形成
I74.400,四肢动脉栓塞和血栓形成
I74.500,髂动脉栓塞和血栓形成
I74.800,动脉的栓塞和血栓形成，其他的
I74.900,动脉的栓塞和血栓形成
I77.000,后天性动静脉瘘
I77.000,后天性动静脉瘘
I77.100,动脉狭窄
I77.300,动脉纤维肌肉发育异常
I77.800,动脉和小动脉其他特指的疾患
I78.100,非瘤性痣
I78.800,毛细血管疾病，其他的
I80.000,下肢浅表脉管的静脉炎和血栓性静脉炎
I80.100,股静脉的静脉炎和血栓性静脉炎
I80.200,下肢其他深部脉管的静脉炎和血栓性静脉炎
I80.300,下肢静脉炎和血栓性静脉炎
I80.900,静脉炎和血栓性静脉炎
I82.000,巴德-基亚里综合征
I82.200,腔静脉栓塞和血栓形成
I82.300,肾静脉栓塞和血栓形成
I82.800,静脉栓塞和血栓形成，其他特指的
I82.900,静脉栓塞和血栓形成
I83.100,下肢静脉曲张伴有炎症
I83.900,下肢静脉曲张不伴有溃疡或炎症
I85.000,食管静脉曲张伴有出血
I85.900,食管静脉曲张不伴有出血
I86.800,静脉曲张，其他特指部位的
I87.100,静脉受压
I87.200,静脉功能不全（慢性）（周围性）
I87.800,静脉其他特指的疾患
I88.000,非特异性肠系膜淋巴结炎
I88.900,非特异性淋巴结炎
I89.000,淋巴水肿，不可归类在他处者
I89.800,淋巴管和淋巴结其他特指的非感染性疾患
I95.800,低血压，其他的
I97.100,心脏外科手术后的其他功能性障碍
I97.800,循环系统的其他操作后疾患，不可归类在他处者
I99.x00,循环系统其他疾患
J02.800,"急性咽炎,其他特指病原体引起的"
J06.800,多个部位的其他急性上呼吸道感染
J11.000,流行性感冒伴有肺炎，病毒未标明
J11.100,流行性感冒伴有其他呼吸道表现，病毒未标明
J11.800,流行性感冒伴有其他表现，病毒未标明
J15.800,细菌性肺炎，其他的
J16.800,传染性病原体引起的肺炎，其他特指的
J18.800,"肺炎，其他的,病原体未特指的"
J21.800,"急性细支气管炎,其他特指病原体引起的"
J30.300,变应性鼻炎，其他的
J32.800,慢性鼻窦炎，其他的
J33.800,鼻窦息肉，其他的
J34.000,鼻的脓肿、疖和痈
J34.100,鼻和鼻窦的囊肿和黏液囊肿
J34.800,鼻和鼻窦其他特指的疾患
J35.800,扁桃体和腺样体的其他慢性疾病
J35.900,扁桃体和腺样体慢性疾病
J38.000,声带和喉麻痹
J38.100,声带和喉的息肉
J38.300,声带的其他疾病
J38.700,喉的其他疾病
J39.000,咽后和咽旁脓肿
J39.100,咽的其他脓肿
J39.200,咽的其他疾病
J39.800,上呼吸道疾病，其他特指的
J43.800,肺气肿，其他的
J44.800,慢性阻塞性肺病，其他特指的
J46.x00,哮喘持续状态
J61.x00,石棉和其他矿物纤维引起的肺尘埃沉着病
J62.000,滑石粉引起的肺尘埃沉着病
J62.800,含硅［矽］粉尘引起的肺尘埃沉着病，其他的
J63.300,石墨纤维化（肺的）
J67.700,空调器和加湿器肺
J67.800,过敏性肺炎，其他有机粉尘引起的
J68.000,化学制剂、气体、烟雾和蒸气引起的支气管炎和肺炎
J68.100,化学制剂、气体、烟雾和蒸气引起的肺水肿
J68.200,化学制剂、气体、烟雾和蒸气引起的上呼吸道炎症，不可归类在他处者
J68.300,化学制剂、气体、烟雾和蒸气引起的其他急性和亚急性呼吸性情况
J69.100,油和植物精质引起的肺炎
J69.800,固体和液体引起的肺炎，其他的
J70.000,辐射引起的急性肺部临床表现
J70.100,辐射引起的慢性和其他肺部临床表现
J82.x00,肺嗜酸性粒细胞增多，不可归类在他处者
J84.000,肺泡和壁层肺泡的情况
J84.100,间质性肺病伴有纤维化，其他的
J84.800,间质性肺病，其他特指的
J85.000,肺坏疽和坏死
J86.900,脓胸不伴有瘘
J92.900,胸膜斑不伴有石棉沉着
J93.000,自发性张力性气胸
J93.100,自发性气胸，其他的
J93.800,气胸，其他的
J94.100,纤维胸
J94.800,胸膜情况，其他特指的
J94.900,胸膜情况
J95.800,操作后的呼吸性疾患，其他的
J98.000,支气管疾病，不可归类在他处者
J98.400,肺的其他疾患
J98.500,纵隔疾病，不可归类在他处者
J98.600,膈疾患
J98.800,呼吸性疾患，其他特指的
J98.900,呼吸性疾患
K00.100,额外牙［多生牙］
K00.200,牙齿大小和形状异常
K00.300,斑釉牙
K00.500,遗传性牙结构紊乱，不可归类在他处者
K00.600,牙萌出障碍
K00.800,牙发育的其他疾患
K02.400,牙折裂
K02.800,龋（牙），其他的
K02.900,龋（牙）
K03.100,牙磨损
K03.200,牙腐蚀
K03.600,牙齿沉积物［增积物］
K03.800,牙硬组织疾病，其他特指的
K05.500,牙周疾病，其他的
K06.800,牙龈和无牙牙槽嵴其他特指的疾患
K07.000,颌大小的主要畸形
K07.100,颌-颅底关系异常
K07.200,牙弓关系异常
K07.300,牙位置异常
K07.500,牙面功能异常
K07.800,牙面畸形，其他的
K08.100,意外事故、拔除或局部牙周病引起的牙缺失
K08.200,无牙牙槽嵴萎缩
K08.300,牙根滞留
K08.800,牙及支持结构疾患，其他特指的
K09.100,口区发育性（非牙源性）囊肿
K09.800,"口区囊肿，其他的,不可归类在他处者"
K09.900,口区囊肿
K10.300,颌的牙槽炎
K10.800,颌的疾病，其他特指的
K10.900,颌的疾病
K11.100,涎腺增生
K11.500,涎石病
K11.700,唾液分泌障碍
K11.900,涎腺疾病
K12.100,口炎，其他形式的
K12.200,口蜂窝织炎和脓肿
K13.000,唇疾病
K13.200,口腔上皮（包括舌）白斑和其他障碍
K14.100,地图样舌
K14.500,裂沟舌
K14.600,舌痛
K14.800,舌其他的疾病
K14.900,舌的疾病
K21.000,胃-食管反流性疾病伴有食管炎
K21.900,胃-食管反流性疾病不伴有食管炎
K22.000,贲门弛缓不能
K22.600,胃-食管撕裂-出血综合征
K22.800,食管其他特指的疾病
K22.900,食管疾病
K25.100,急性胃溃疡伴有穿孔
K25.200,急性胃溃疡伴有出血和穿孔
K25.300,急性胃溃疡不伴有出血和穿孔
K25.400,慢性胃溃疡伴有出血
K25.500,慢性胃溃疡伴有穿孔
K25.900,急性或慢性胃溃疡不伴有出血
K26.200,急性十二指肠溃疡伴有出血和穿孔
K26.400,慢性十二指肠溃疡伴有出血
K26.500,慢性十二指肠溃疡伴有穿孔
K26.700,慢性十二指肠溃疡不伴有出血或穿孔
K26.900,急性或慢性的十二指肠溃疡不伴有出血
K27.100,急性消化性溃疡伴有穿孔
K27.700,慢性消化性溃疡不伴有出血或穿孔
K27.900,消化性溃疡不伴有出血
K28.300,急性胃空肠溃疡不伴有出血和穿孔
K28.400,慢性胃空肠溃疡伴有出血
K28.900,急性或慢性胃空肠溃疡不伴有出血或穿孔
K29.100,急性胃炎，其他的
K31.600,胃和十二指肠瘘
K31.700,胃和十二指肠息肉
K31.800,胃和十二指肠其他特指的疾病
K31.900,胃和十二指肠疾病
K36.x00,阑尾炎，其他的
K38.800,阑尾其他特指的疾病
K40.000,双侧腹股沟疝，伴有梗阻，不伴有坏疽
K40.100,双侧腹股沟疝，伴有坏疽
K40.200,双侧腹股沟疝，不伴有梗阻或坏疽
K40.400,单侧腹股沟疝，伴有坏疽
K40.900,单侧或未特指的腹股沟疝，不伴有梗阻或坏疽
K41.300,单侧或未特指的股疝，伴有梗阻，不伴有坏疽
K41.900,单侧或未特指的股疝，不伴有梗阻或坏疽
K42.000,脐疝，伴有梗阻，不伴有坏疽
K42.100,脐疝，伴有坏疽
K43.600,其他未特指的腹疝，伴有梗阻，不伴坏疽
K43.600,其他未特指的腹疝，伴有梗阻，不伴坏疽
K43.600,其他未特指的腹疝，伴有梗阻，不伴坏疽
K44.000,膈疝，伴有梗阻，不伴有坏疽
K44.100,膈疝，伴有坏疽
K44.900,膈疝，不伴有梗阻或坏疽
K50.100,大肠克罗恩病
K51.200,慢性溃疡性直肠炎
K51.800,溃疡性结肠炎，其他的
K52.100,中毒性胃肠炎和结肠炎
K52.200,变应性及饮食性胃肠炎和结肠炎
K52.800,非感染性胃肠炎和结肠炎，其他特指的
K52.900,非感染性胃肠炎和结肠炎
K55.800,肠血管疾患，其他的
K56.400,肠的其他嵌塞
K56.600,肠梗阻，其他和未特指的
K56.600,肠梗阻，其他和未特指的
K57.100,小肠憩室病不伴有穿孔或脓肿
K57.200,大肠憩室病伴有穿孔和脓肿
K57.300,大肠憩室病不伴有穿孔或脓肿
K59.300,巨结肠
K59.800,功能性肠疾患，其他特指的
K59.900,功能性肠疾患
K62.400,肛门和直肠狭窄
K62.500,肛门和直肠出血
K62.600,肛门和直肠溃疡
K62.800,肛门和直肠其他特指的疾病
K62.900,肛门和直肠的疾病
K63.100,肠穿孔（非创伤性）
K63.300,肠溃疡
K63.800,肠其他特指的疾病
K63.900,肠的疾病
K65.800,腹膜炎，其他的
K66.900,腹膜的疾患
K70.200,酒精性肝纤维化和肝硬化
K70.400,酒精性肝衰竭
K71.000,中毒性肝病伴有胆汁淤积
K72.000,急性和亚急性肝衰竭
K72.900,肝衰竭
K73.000,慢性迁延性肝炎，不可归类在他处者
K73.200,慢性活动性肝炎，不可归类在他处者
K73.800,慢性肝炎，其他的不可归类在他处者
K75.800,炎性肝脏疾病，其他特指的
K75.900,炎性肝脏疾病
K76.100,肝慢性阻性充血
K76.600,门静脉高压
K76.800,肝病，其他特指的
K76.900,肝病
K80.000,胆囊结石伴有急性胆囊炎
K80.100,胆囊结石伴有其他胆囊炎
K80.200,胆囊结石不伴有胆囊炎
K80.300,胆管结石伴有胆管炎
K80.500,胆管结石不伴有胆管炎或胆囊炎
K80.800,胆石症，其他的
K81.800,胆囊炎，其他的
K82.100,胆囊积水
K82.800,胆囊其他特指的疾病
K82.900,胆囊的疾病
K83.200,胆管穿孔
K83.400,奥迪括约肌痉挛
K83.500,胆囊肿
K83.800,胆道其他特指的疾病
K83.900,胆道的疾病
K85.800,急性胰腺炎，其他的
K86.100,慢性胰腺炎，其他的
K86.800,胰腺其他特指的疾病
K86.900,胰腺的疾病
K90.100,热带口炎性腹泻
K90.300,胰性脂肪痢
K90.800,肠吸收不良，其他的
K90.900,肠吸收不良
K91.200,手术后吸收不良，不可归类在他处者
K91.400,结肠造口术和小肠造口术后功能障碍
K91.800,消化系统的其他操作后疾患
K92.100,黑粪
K92.200,胃肠出血
K92.800,消化系统其他特指的疾病
K92.900,消化系统的疾病
L01.000,脓疱病[任何器官][任何部位]
L02.400,肢体皮肤脓肿、疖和痈
L02.900,皮肤脓肿、疖和痈
L03.100,肢体其他部位的蜂窝织炎
L04.000,面、头和颈部急性淋巴结炎
L08.000,脓皮病
L08.800,皮肤和皮下组织其他特指的局部感染
L20.800,特应性皮炎，其他的
L23.800,变应性接触性皮炎，其他物质引起的
L27.000,药物和药剂引起的全身性皮疹
L30.200,皮肤自体致敏
L41.800,副银屑病，其他的
L43.900,扁平苔藓
L50.800,荨麻疹，其他的
L51.800,多形性红斑，其他的
L57.800,慢性暴露于非电离辐射下引起的其他皮肤改变
L59.800,与辐射有关的皮肤和皮下组织其他特指的疾患
L60.800,甲疾患，其他的
L64.800,雄激素性脱发，其他的
L65.800,非瘢痕性毛发缺失，其他特指的
L65.900,非瘢痕性毛发缺失
L70.800,痤疮，其他的
L72.800,皮肤和皮下组织的其他毛囊囊肿
L72.900,皮肤和皮下组织的毛囊囊肿
L74.800,外分泌汗腺疾患，其他的
L81.700,着色紫癜性皮肤病
L84.x00,鸡眼和胼胝
L87.000,皮肤穿入性毛囊和毛囊周角化病[克尔]
L90.500,皮肤瘢痕情况和纤维化
L90.900,皮肤萎缩性疾患
L92.900,皮肤和皮下组织的肉芽肿性疾患
L98.100,人为性皮炎
L98.900,皮肤和皮下组织的疾患
M00.000,葡萄球菌性关节炎和多关节炎
M00.100,肺炎球菌性关节炎和多关节炎
M00.200,链球菌性关节炎和多关节炎，其他的
M05.300,类风湿性关节炎，累及其他器官和系统
M08.800,幼年型关节炎，其他的
M11.200,"软骨钙沉着,其他的"
M11.800,结晶性关节病，其他特指的
M12.800,关节病，其他特指的不可归类在他处者
M13.800,关节炎，其他特指的
M15.800,多关节病，其他的
M16.100,原发性髋关节病，其他的
M16.300,发育异常性髋关节病，其他的
M16.500,创伤后髋关节病，其他的
M16.700,继发性髋关节病，其他的
M17.100,原发性膝关节病，其他的
M17.300,创伤后膝关节病，其他的
M17.500,继发性膝关节病，其他的
M18.100,第一腕掌关节其他的原发性关节病
M18.300,第一腕掌关节其他的创伤后关节病
M18.400,双侧第一腕掌关节其他的继发性关节病
M18.500,第一腕掌关节其他的继发性关节病
M19.000,关节的原发性关节病，其他的
M19.100,关节的创伤后关节病，其他的
M19.200,继发性关节病，其他的
M20.100,外翻（后天性）
M20.200,踇僵
M20.300,其他（后天性）变形
M20.400,"后天性锤状趾,其他的"
M20.500,趾其他（后天性）变形
M21.000,外翻变形，不可归类在他处者
M21.100,内翻变形，不可归类在他处者
M21.200,屈曲变形
M21.300,腕或足（后天性）下垂
M21.500,后天性爪形手、畸形手、爪形足和畸形足
M21.600,踝和足其他后天性变形
M21.800,四肢其他特指的后天性变形
M22.200,髌股疾患
M22.300,髌骨的其他紊乱
M22.800,髌骨的其他疾患
M23.000,囊性半月板
M23.200,陈旧性撕裂或损伤引起的半月板紊乱
M23.300,半月板紊乱，其他的
M23.500,膝的慢性不稳定性疾患
M23.600,膝韧带的其他自然破裂
M23.800,膝关节内紊乱，其他的
M24.100,关节软骨疾患，其他的
M24.200,韧带疾患
M24.300,关节病理性脱位和不全脱位，不可归类在他处者
M24.400,关节复发性脱位和不全脱位
M24.800,关节紊乱，其他特指的不可归类在他处者
M25.300,关节的其他不稳定性疾患
M25.600,关节僵硬，不可归类在他处者
M25.800,关节疾患，其他特指的
M25.900,关节疾患
M30.800,与结节性多动脉炎有关的其他情况
M31.800,坏死性血管病，其他特指的
M31.900,坏死性血管病
M32.100,系统性红斑狼疮，累及器官或系统
M33.100,皮肌炎，其他的
M34.800,全身性硬皮病，其他形式的
M35.100,重叠综合征，其他的
M35.800,结缔组织其他特指的系统性受累
M35.900,结缔组织的系统性受累
M40.200,脊柱后凸，其他的
M40.400,脊柱前凸，其他的
M41.100,幼年型特发性脊柱侧弯
M42.000,幼年型脊柱骨软骨病
M43.000,脊椎骨脱离
M43.100,脊椎前移
M43.200,脊柱的其他融合
M43.500,复发性脊椎不完全性脱位，其他的
M43.800,变形性背部病，其他特指的
M43.900,变形性背部病
M46.500,感染性脊椎病，其他的
M46.800,炎性脊椎病，其他特指的
M47.000+G99.2*,脊髓前动脉和椎动脉压迫综合征
M47.100,脊椎关节强硬伴有脊髓病，其他的
M47.200,脊椎关节强硬伴有神经根病，其他的
M47.800,脊椎关节强硬，其他的
M48.000,椎管狭窄
M48.300,创伤性脊椎病
M48.400,脊椎疲劳性骨折
M48.500,椎体塌陷，不可归类在他处者
M48.800,脊椎病，其他特指的
M48.900,脊椎病
M50.200,颈椎间盘移位，其他的
M50.300,颈椎间盘变性，其他的
M51.000+G99.2*,腰和其他椎间盘疾患伴有脊髓病
M51.100+G55.1*,腰和其他椎间盘疾患伴有神经根病
M51.200,椎间盘移位，其他特指的
M51.300,椎间盘变性，其他特指的
M51.800,椎间盘疾患，其他特指的
M51.900,椎间盘疾患
M53.200,脊柱不稳定性疾患
M53.300,骶尾疾患，不可归类在他处者
M53.800,背部痛，其他特指的
M54.000,影响到颈背区的脂膜炎
M54.800,背痛，其他的
M60.200,软组织异物肉芽肿，不可归类在他处者
M60.800,肌炎，其他的
M61.200,肌肉麻痹性钙化和骨化
M61.300,与烧伤有关的肌肉钙化和骨化
M61.500,肌肉的其他骨化
M62.500,肌肉的消瘦和萎缩，不可归类在他处者
M62.800,肌肉其他特指的疾患
M62.900,肌肉疾患
M65.100,感染性（腱）滑膜炎，其他的
M65.800,滑膜炎和腱鞘炎，其他的
M65.900,滑膜炎和腱鞘炎
M66.100,滑膜破裂
M66.200,伸肌腱自发性破裂
M66.300,屈肌腱自发性破裂
M66.500,肌腱的自发性破裂
M67.000,后天性短跟腱
M67.100,腱（鞘）的其他挛缩
M67.800,滑膜和肌腱其他特指的疾患
M67.900,滑膜和肌腱疾患
M70.000,手和腕慢性碎裂音滑膜炎
M70.300,肘的其他滑囊炎
M70.500,膝的其他滑囊炎
M70.900,与使用、过度使用和压迫有关的软组织疾患
M71.300,黏液囊囊肿，其他的
M71.500,滑囊炎，其他的不可归类在他处者
M71.800,黏液囊病，其他特指的
M72.800,成纤维细胞疾患，其他的
M72.900,成纤维细胞疾患
M75.800,肩损害，其他的
M76.800,下肢（不包括足）的其他肌腱端病
M77.800,肌腱端病，其他的不可归类在他处者
M79.200,神经痛和神经炎
M79.800,软组织疾患，其他特指的
M79.900,软组织疾患
M81.800,骨质疏松，其他的
M83.800,成人骨软化症，其他的
M84.300,应力骨折，不可归类在他处者
M84.400,病理性骨折，不可归类在他处者
M84.800,骨的其他连续性疾患
M85.000,骨纤维性结构不良（单骨性）
M85.600,骨囊肿，其他的
M85.800,骨密度和结构其他特指的疾患
M86.600,慢性骨髓炎，其他的
M86.800,骨髓炎，其他的
M87.800,骨坏死，其他的
M89.200,骨发育和生长的其他疾患
M89.400,肥厚性骨关节病，其他的
M89.800,骨其他特指的疾患
M89.900,骨疾患
M92.000,幼年型肱骨骨软骨病
M92.100,幼年型桡骨和尺骨的骨软骨病
M92.500,幼年型胫骨和腓骨的骨软骨病
M92.800,幼年型骨软骨病，其他特指的
M93.200,剥脱性骨软骨炎
M93.800,骨软骨病，其他特指的
M93.900,骨软骨病
M94.800,软骨其他特指的疾患
M95.000,鼻的后天性变形
M95.200,头的其他后天性变形
M95.300,颈的后天性变形
M95.400,胸和肋的后天性变形
M95.500,骨盆的后天性变形
M95.800,肌肉骨骼系统其他特指的后天性变形
M95.900,肌肉骨骼系统后天性变形
M96.000,融合或关节固定术后假关节
M96.600,插入矫形外科的植入物、关节假体或骨板后的骨折
M96.800,操作后肌肉骨骼疾患，其他的
M99.100,不全脱位复征（椎骨的）
M99.200,椎管不全脱位性狭窄
M99.300,椎管骨性狭窄
M99.400,椎管结缔组织性狭窄
M99.500,椎管椎间盘狭窄
M99.700,椎间孔结缔组织和椎间盘狭窄
N00.100,急性肾炎综合征伴有局灶性和节段性肾小球损害
N00.300,急性肾炎综合征伴有弥漫性肾小球系膜增生性肾小球肾炎
N00.800,急性肾炎综合征，其他的
N01.100,急进型肾炎综合征伴有局灶性和节段性肾小球损害
N01.200,急进型肾炎综合征伴有弥漫性膜性肾小球肾炎
N01.300,急进型肾炎综合征伴有弥漫性肾小球系膜增生性肾小球肾炎
N01.400,急进型肾炎综合征伴有弥漫性毛细血管内增生性肾小球肾炎
N01.500,急进型肾炎综合征伴有弥漫性肾小球系膜毛细血管性肾小球肾炎
N01.600,急进型肾炎综合征伴有密集沉积物病
N01.700,急进型肾炎综合征伴有弥漫性新月形肾小球肾炎
N02.000,复发性和持续性血尿伴有轻微的肾小球异常
N02.100,复发性和持续性血尿伴有局灶性和节段性肾小球损害
N02.200,复发性和持续性血尿伴有弥漫性膜性肾小球肾炎
N02.300,复发性和持续性血尿伴有弥漫性肾小球系膜性增生性肾小球肾炎
N02.400,复发性和持续性血尿伴有弥漫性毛细血管内增生性肾小球肾炎
N02.500,复发性和持续性血尿伴有弥漫性肾小球系膜毛细血管性肾小球肾炎
N02.700,复发性和持续性血尿伴有弥漫性新月形肾小球肾炎
N02.800,复发性和持续性血尿，其他的
N03.200,慢性肾炎综合征伴有弥漫性膜性肾小球肾炎
N03.300,慢性肾炎综合征伴有弥漫性肾小球系膜增生性肾小球肾炎
N03.500,慢性肾炎综合征伴有弥漫性肾小球系膜毛细血管性肾小球肾炎
N03.600,慢性肾炎综合征伴有密集沉积物病
N03.800,慢性肾炎综合征，其他的
N04.000,肾病综合征伴有轻微的肾小球异常
N04.100,肾病综合征伴有局灶性和节段性肾小球损害
N04.200,肾病综合征伴有弥漫性膜性肾小球肾炎
N04.300,肾病综合征伴有弥漫性肾小球系膜性增生性肾小球肾炎
N04.400,肾病综合征伴有弥漫性毛细血管内增生性肾小球肾炎
N04.500,肾病综合征伴有弥漫性肾小球系膜毛细血管性肾小球肾炎
N04.600,肾病综合征伴有密集沉积物病
N04.800,"肾病综合征,其他的"
N05.000,肾炎综合征伴有轻微的肾小球异常
N05.100,肾炎综合征伴有局灶性和节段性肾小球损害
N05.200,肾炎综合征伴有弥漫性膜性肾小球肾炎
N05.300,肾炎综合征伴有弥漫性肾小球系膜增生性肾小球肾炎
N05.500,肾炎综合征伴有弥漫性肾小球系膜毛细血管性肾小球肾炎
N05.700,肾炎综合征伴有弥漫性新月形肾小球肾炎
N05.800,肾炎综合征，其他的
N06.000,孤立性蛋白尿伴有特指的形态学损害伴有轻微的肾小球异常
N07.900,遗传性肾病，不可归类在他处者
N11.000,与反流有关的非梗阻性慢性肾盂肾炎
N11.800,慢性肾小管-间质肾炎，其他的
N13.100,肾盂积水伴有输尿管狭窄，不可归类在他处者
N13.200,肾盂积水伴有肾和输尿管结石梗阻
N13.300,肾盂积水，其他的
N13.500,输尿管扭结和狭窄不伴有肾盂积水
N13.700,与膀胱-输尿管反流有关的尿路病
N13.800,梗阻性和反流性尿路病，其他的
N13.900,梗阻性和反流性尿路病
N14.100,肾病，其他药物、药剂和生物制品诱发的
N14.200,药物、药剂和生物制品诱发的肾病
N14.300,重金属诱发的肾病
N15.100,肾和肾周脓肿
N15.800,肾小管-间质疾病，其他特指的
N15.900,肾小管-间质疾病
N25.000,肾性骨营养不良
N25.800,肾小管功能损害所致的其他疾患
N28.000,肾缺血和肾梗死
N28.800,肾和输尿管其他特指的疾患
N28.900,肾和输尿管的疾患
N30.200,慢性膀胱炎，其他的
N30.800,膀胱炎，其他的
N31.000,无抑制神经病性膀胱，不可归类在他处者
N31.100,反射性神经病性膀胱，不可归类在他处者
N31.200,迟缓性神经病性膀胱，不可归类在他处者
N31.900,膀胱的神经肌肉功能不良
N32.800,膀胱其他特指的疾患
N32.900,膀胱疾患
N34.200,尿道炎，其他的
N35.100,感染后尿道狭窄，不可归类在他处者
N36.800,尿道其他特指的疾患
N36.900,尿道疾患
N41.900,前列腺炎性疾病
N42.100,前列腺充血和出血
N42.800,前列腺其他特指的疾患
N42.900,前列腺疾患
N43.200,鞘膜积液，其他的
N45.900,睾丸炎、附睾炎和附睾-睾丸炎，不伴有脓肿
N47.x00,包皮过长、包茎和嵌顿包茎
N48.200,阴茎的其他炎性疾患
N48.800,阴茎其他特指的疾患
N48.900,阴茎疾患
N49.000,精囊炎性疾患
N49.100,精索、鞘膜和输精管炎性疾患
N49.200,阴囊炎性疾患
N50.100,男性生殖器官的血管疾患
N50.900,男性生殖器官疾患
N61.x00,乳房炎性疾患
N64.000,乳头裂和乳头瘘
N64.300,与分娩无关的乳溢
N64.500,乳房的其他体征和症状
N64.800,乳房其他特指的疾患
N71.000,子宫急性炎性疾病
N71.100,子宫慢性炎性疾病
N71.900,子宫的炎性疾病
N72.x00,宫颈炎性疾病
N73.000,急性子宫旁组织炎和盆腔蜂窝织炎
N73.100,慢性子宫旁组织炎和盆腔蜂窝织炎
N73.200,子宫旁组织炎和盆腔蜂窝织炎
N73.800,女性盆腔炎性疾病，其他特指的
N73.900,女性盆腔炎性疾病
N75.800,前庭大腺的其他疾病
N76.100,亚急性和慢性阴道炎
N76.300,亚急性和慢性外阴炎
N76.800,阴道和外阴其他特指的炎症
N80.400,直肠阴道隔和阴道的子宫内膜异位症
N80.800,子宫内膜异位症，其他的
N81.800,女性生殖器脱垂，其他的
N82.100,女性泌尿-生殖道瘘，其他的
N82.400,女性肠-生殖道瘘，其他的
N82.800,女性生殖道瘘，其他的
N83.200,卵巢囊肿，其他的
N83.300,卵巢和输卵管后天性萎缩
N83.400,卵巢和输卵管脱垂和疝
N83.500,卵巢、卵巢蒂和输卵管的扭转
N83.800,卵巢、输卵管和阔韧带的其他非炎性疾患
N83.900,卵巢、输卵管和阔韧带的非炎性疾患
N84.800,女性生殖道其他部位的息肉
N85.800,子宫非炎性疾患，其他特指的
N85.900,子宫非炎性疾患
N86.x00,宫颈糜烂和外翻
N87.200,重度宫颈发育不良，不可归类在他处者
N88.200,宫颈缩窄和狭窄
N88.800,宫颈其他特指的非炎性疾患
N89.500,阴道狭窄和闭锁
N89.800,阴道其他特指的非炎性疾患
N89.900,阴道的非炎性疾患
N90.800,外阴和会阴其他特指的非炎性疾患
N90.900,外阴和会阴的非炎性疾患
N92.000,月经过多和频繁伴有规则周期
N92.100,月经过多和频繁伴有不规则周期
N93.000,性交后出血和接触性出血
N93.800,异常的子宫和阴道出血，其他特指的
N94.800,与女性生殖器官和月经周期有关的情况，其他特指的
N95.300,与人工绝经有关的状态
N95.900,绝经期和围绝经期的疾患
N97.000,与不排卵有关的女性不孕症
N97.100,输卵管起因的女性不孕症
N97.200,子宫起因的女性不孕症
N97.400,与男性因素有关的女性不孕症
N97.800,女性不孕症，其他原因的
N99.800,泌尿生殖系统的其他操作后疾患
O00.800,异位妊娠，其他的
O01.000,典型葡萄胎
O01.100,不完全和部分葡萄胎
O01.900,葡萄胎
O02.000,萎缩卵和非葡萄胎
O03.000,不完全性自然流产，并发生殖道和盆腔感染
O03.100,不完全性自然流产，并发延迟或过度出血
O03.200,不完全性自然流产，并发栓塞
O03.400,不完全性自然流产，无并发症
O03.500,完全性或未特指的自然流产，并发生殖道和盆腔感染
O03.600,完全性或未特指的自然流产，并发延迟或过度出血
O03.700,完全性或未特指的自然流产，并发栓塞
O03.900,完全性或未特指的自然流产，无并发症
O04.000,不完全性医疗性流产，并发生殖道和盆腔感染
O04.100,不完全性医疗性流产，并发延迟或过度出血
O04.500,完全性或未特指的医疗性流产，并发生殖道和盆腔感染
O04.600,完全性或未特指的医疗性流产，并发延迟或过度出血
O04.700,完全性或未特指的医疗性流产，并发栓塞
O04.900,完全性或未特指的医疗性流产，无并发症
O05.300,"不完全性流产，其他的,伴有其他和未特指的并发症"
O05.800,完全性流产，其他的，伴有其他的并发症
O06.300,不完全性流产，伴有其他的并发症
O06.800,完全性流产，伴有其他的并发症
O07.400,医疗性流产失败，无并发症
O07.900,企图流产失败，其他的，无并发症
O08.100,流产、异位妊娠和葡萄胎妊娠后的延迟或过度出血
O08.200,流产、异位妊娠和葡萄胎妊娠后的栓塞
O08.300,流产、异位妊娠和葡萄胎妊娠后的休克
O08.400,流产、异位妊娠和葡萄胎妊娠后的肾衰竭
O08.600,流产、异位妊娠和葡萄胎妊娠后的盆腔器官和组织损伤
O08.800,流产、异位妊娠和葡萄胎妊娠后的其他并发症
O10.000,原有特发性高血压并发于妊娠、分娩和产褥期
O10.100,原有高血压心脏病并发于妊娠、分娩和产褥期
O10.200,原有高血压肾脏病并发于妊娠、分娩和产褥期
O10.300,原有高血压心脏和肾脏病并发于妊娠、分娩和产褥期
O10.400,原有继发性高血压并发于妊娠、分娩和产褥期
O10.900,原有高血压并发于妊娠、分娩和产褥期
O15.000,妊娠期子痫
O15.100,分娩期子痫
O15.200,产褥期子痫
O22.100,妊娠期生殖器静脉曲张
O22.800,妊娠期静脉并发症，其他的
O23.100,妊娠期膀胱感染
O23.900,妊娠期其他的泌尿生殖道感染
O26.500,孕产妇低血压综合征
O26.600,妊娠、分娩和产褥期的肝疾患
O26.700,妊娠、分娩和产褥期耻骨联合的不全脱位
O26.900,与妊娠有关的情况
O28.500,孕产妇产前筛查的染色体和遗传所见
O29.000,妊娠期间麻醉的肺部并发症
O29.100,妊娠期间麻醉的心脏并发症
O32.000,为不稳定产式给予的孕产妇医疗
O32.100,为臀先露给予的孕产妇医疗
O32.200,为横产式和斜产式给予的孕产妇医疗
O32.300,为面先露、额先露和颏先露给予的孕产妇医疗
O32.400,为足月头高给予的孕产妇医疗
O32.600,为复合先露给予的孕产妇医疗
O32.800,为胎儿其他先露异常给予的孕产妇医疗
O33.000,为骨盆骨变形引起的胎盆不称给予的孕产妇医疗
O33.100,为均小骨盆引起的胎盆不称给予的孕产妇医疗
O33.200,为骨盆入口狭窄引起的胎盆不称给予的孕产妇医疗
O33.300,为骨盆出口狭窄引起的胎盆不称给予的孕产妇医疗
O33.500,为特大胎儿引起的胎盆不称给予的孕产妇医疗
O34.000,为子宫先天性畸形给予的孕产妇医疗
O34.100,为子宫体肿瘤给予的孕产妇医疗
O34.200,为以前的子宫手术瘢痕给予的孕产妇医疗
O34.300,为宫颈功能不全给予的孕产妇医疗
O34.400,为宫颈其他异常给予的孕产妇医疗
O34.500,为妊娠子宫其他异常给予的孕产妇医疗
O34.600,为阴道异常给予的孕产妇医疗
O35.000,为胎儿（可疑）中枢神经系统畸形给予的孕产妇医疗
O35.100,为胎儿（可疑）染色体异常给予的孕产妇医疗
O35.200,为胎儿（可疑）遗传性疾病给予的孕产妇医疗
O35.300,为母体病毒性疾病对胎儿（可疑）损害给予的孕产妇医疗
O35.600,为辐射所致胎儿的（可疑）损害给予的孕产妇医疗
O35.700,为其他医疗操作所致胎儿的（可疑）损害给予的孕产妇医疗
O35.800,为其他（可疑）胎儿异常和损害给予的孕产妇医疗
O36.000,为Rh因子同种免疫给予的孕产妇医疗
O36.200,为胎儿水肿给予的孕产妇医疗
O36.300,为胎儿缺氧体征给予的孕产妇医疗
O36.400,为胎儿宫内死亡给予的孕产妇医疗
O36.500,为胎儿生长不良给予的孕产妇医疗
O36.600,为胎儿过度生长给予的孕产妇医疗
O36.700,为腹腔妊娠中能活胎儿给予的孕产妇医疗
O42.000,胎膜早破，在24小时之内产程开始
O42.100,胎膜早破，在24小时以后产程开始
O42.200,胎膜早破，由于治疗而使产程延迟
O43.000,胎盘输血综合征
O44.000,前置胎盘特指为不伴有出血
O45.800,胎盘早期剥离，其他的
O46.800,产前出血，其他的
O60.000,早产不伴有分娩
O60.100,提前自然临产伴有早产
O60.300,早产不伴有自然临产
O61.000,医疗性引产失败
O62.200,宫缩乏力，其他的
O62.400,高张性、不协调和延长的子宫收缩
O63.200,多胎妊娠中的第二个及以上胎儿的延迟分娩
O63.900,滞产
O64.000,胎头旋转不全引起的梗阻性分娩
O64.100,臀先露引起的梗阻性分娩
O64.300,额先露引起的梗阻性分娩
O64.400,肩先露引起的梗阻性分娩
O64.500,复合先露引起的梗阻性分娩
O65.000,变形骨盆引起的梗阻性分娩
O65.100,均小骨盆引起的梗阻性分娩
O65.200,骨盆入口狭窄引起的梗阻性分娩
O65.300,骨盆出口和中腔狭窄引起的梗阻性分娩
O65.400,胎盆不称引起的梗阻性分娩
O65.500,母体盆腔器官异常引起的梗阻性分娩
O66.000,肩难产引起的梗阻性分娩
O66.100,双胎交锁引起的梗阻性分娩
O66.200,特大胎儿引起的梗阻性分娩
O66.300,胎儿的其他异常引起的梗阻性分娩
O66.400,试产失败
O66.500,真空吸引器和产钳应用失败
O66.900,梗阻性分娩
O68.000,产程和分娩并发胎儿心率异常
O68.100,产程和分娩并发在羊水中伴有胎粪
O68.200,产程和分娩并发胎儿心率异常并在羊水中伴有胎粪
O68.300,产程和分娩并发胎儿应激反应的生物化学证据
O68.900,产程和分娩并发胎儿的应激反应
O69.000,产程和分娩并发脐带脱垂
O69.100,产程和分娩并发脐带绕颈并伴有受压
O69.300,产程和分娩并发脐带过短
O69.500,产程和分娩并发脐带的血管损害
O69.800,产程和分娩并发其他的脐带并发症
O69.900,产程和分娩并发脐带并发症
O71.000,产程开始前子宫破裂
O71.100,产程中子宫破裂
O71.300,宫颈的产科裂伤
O71.700,盆腔的产科血肿
O71.800,产科创伤，其他特指的
O72.200,延迟性和继发性产后出血
O73.100,部分胎盘和胎膜滞留不伴有出血
O74.000,产程和分娩期间麻醉引起的吸入性肺炎
O74.200,产程和分娩期间麻醉的心脏并发症
O74.900,产程和分娩期间麻醉并发症
O75.100,产程和分娩期间或以后休克
O75.300,产程期间其他的感染
O75.400,产科手术和操作的其他并发症
O75.800,产程和分娩的其他特指并发症
O81.300,产钳术，其他的
O81.400,借助真空吸引器分娩
O82.200,经剖宫产子宫切除术的分娩
O83.100,臀位助产，其他特指的
O86.100,分娩后生殖道的其他感染
O86.200,分娩后泌尿道感染
O86.300,分娩后其他泌尿生殖道感染
O86.400,分娩后不明原因的发热
O86.800,产褥感染，其他特指的
O87.800,产褥期其他的静脉并发症
O88.300,产科脓血性和脓毒性栓塞
O88.800,产科栓塞，其他的
O89.000,产褥期中麻醉的肺部并发症
O89.100,产褥期中麻醉的心脏并发症
O90.100,会阴产科的伤口破裂
O90.200,产科伤口的血肿
O90.800,产褥期的其他并发症，不可归类在他处者
O91.100,与分娩有关的乳房脓肿
O91.200,与分娩有关的非化脓性乳腺炎
O92.500,泌乳抑制
O98.400,病毒性肝炎并发于妊娠、分娩和产褥期
O99.000,贫血并发于妊娠、分娩和产褥期
O99.100,血液和造血器官的其他疾病及涉及免疫机制的某些疾患并发于妊娠、分娩和产褥期
O99.200,内分泌、营养和代谢疾病并发于妊娠、分娩和产褥期
O99.300,精神障碍和神经系统疾病并发于妊娠、分娩和产褥期
O99.400,循环系统疾病并发于妊娠、分娩和产褥期
O99.500,呼吸系统疾病并发于妊娠、分娩和产褥期
O99.600,消化系统疾病并发于妊娠、分娩和产褥期
O99.700,皮肤和皮下组织的疾病并发于妊娠、分娩和产褥期
P00.000,胎儿和新生儿受母体高血压疾患的影响
P00.200,胎儿和新生儿受母体传染病和寄生虫病的影响
P00.400,胎儿和新生儿受母体营养性疾患的影响
P00.700,胎儿和新生儿受母体其他医疗操作的影响，不可归类在他处者
P00.800,胎儿和新生儿受母体其他情况的影响
P01.500,胎儿和新生儿受多胎妊娠的影响
P02.300,胎儿和新生儿受胎盘输血综合征的影响
P02.500,胎儿和新生儿受脐带其他压迫的影响
P02.700,胎儿受绒（毛）膜羊膜炎的影响
P03.000,胎儿和新生儿受臀位分娩和胎臀牵引术的影响
P03.100,胎儿和新生儿受产程和分娩中其他先露异常、胎位异常和（胎盆）不称的影响
P03.200,胎儿和新生儿受产钳术的影响
P03.300,胎儿和新生儿受真空吸引器[吸杯]分娩的影响
P03.400,胎儿和新生儿受剖宫产术的影响
P03.500,胎儿和新生儿受急产的影响
P03.600,胎儿和新生儿受子宫收缩异常的影响
P04.000,胎儿和新生儿受母体在妊娠、产程和分娩中的感觉丧失和痛觉缺失的影响
P04.100,胎儿和新生儿受母体其他药物的影响
P05.000,轻于胎龄
P08.100,重于胎龄的婴儿，其他的
P10.900,产伤引起的颅内撕裂和出血
P12.800,头皮产伤，其他的
P14.800,周围神经系统其他部位的产伤
P15.200,产伤引起的胸骨乳突损伤
P15.800,产伤，其他特指的
P21.100,轻度和中度出生窒息
P22.100,新生儿短暂性呼吸急促
P22.800,新生儿的其他呼吸窘迫
P24.000,新生儿吸入胎粪
P24.100,新生儿吸入羊水和黏液
P25.800,起源于围生期的与间质肺气肿有关的其他情况
P27.800,起源于围生期的其他慢性呼吸性疾病
P28.100,新生儿其他和未特指的肺不张
P28.800,新生儿其他特指的呼吸性情况
P29.800,起源于围生期其他的心血管疾患
P35.800,先天性病毒性疾病，其他的
P36.100,链球菌性新生儿脓毒症，其他的
P36.300,葡萄球菌性新生儿脓毒症，其他的和未特指的
P36.800,新生儿其他的细菌性脓毒症
P37.800,先天性传染病和寄生虫病，其他特指的
P38.x00,新生儿脐炎伴有或不伴有轻度出血
P39.100,新生儿结膜炎和泪囊炎
P39.400,新生儿皮肤感染
P39.800,特发于围生期的其他特指感染
P51.800,新生儿其他的脐带出血
P52.800,胎儿和新生儿其他颅内（非创伤性）出血
P53.x00,胎儿和新生儿出血性疾病
P54.300,新生儿胃肠道出血，其他的
P54.800,新生儿出血，其他特指的
P55.000,胎儿和新生儿的Rh同种免疫
P55.100,胎儿和新生儿的ABO同种免疫
P55.800,胎儿和新生儿其他的溶血性疾病
P58.400,自母体传给或新生儿服用的药物或毒素引起的新生儿黄疸
P59.200,肝细胞损害所致的新生儿黄疸，其他和未特指的
P59.300,母乳抑制剂所致的新生儿黄疸
P59.800,新生儿黄疸，其他特指原因所致的
P59.900,新生儿黄疸
P61.400,先天性贫血，其他的不可归类在他处者
P61.600,短暂性新生儿凝血疾患，其他的
P70.400,新生儿低血糖症，其他的
P70.800,胎儿和新生儿的其他暂时性碳水化合物代谢疾患
P71.900,新生儿的暂时性钙和镁代谢紊乱
P72.200,新生儿其他的暂时性甲状腺功能疾患，不可归类在他处者
P74.000,新生儿晚期代谢性酸中毒
P74.200,新生儿钠平衡失调
P74.300,新生儿钾平衡失调
P74.500,新生儿暂时性酪氨酸血症
P74.800,新生儿其他的暂时性代谢紊乱
P76.800,新生儿其他特指的肠梗阻
P77.x00,胎儿和新生儿的坏死性小肠结肠炎
P78.000,围生期肠穿孔
P78.200,吞咽母血引起的新生儿呕血和黑粪
P78.300,非传染性新生儿腹泻
P78.800,围生期消化系统疾患，其他特指的
P80.800,新生儿其他的低温症
P81.900,新生儿体温调节障碍
P83.300,特发于胎儿和新生儿的其他和未特指的水肿
P83.800,特发于胎儿和新生儿体被的其他特指的情况
P83.900,特发于胎儿和新生儿体被的情况
P91.000,新生儿大脑缺血
P91.800,新生儿其他特指的大脑障碍
P92.100,新生儿反胃和反刍
P92.800,新生儿的其他喂养问题
P94.100,先天性张力过高
P94.200,先天性张力过低
P96.000,先天性肾衰竭
P96.100,母体使用成瘾药物所致的新生儿脱瘾性症状
P96.800,起源于围生期其他特指的情况
P96.900,起源于围生期的情况
Q00.200,枕骨裂脑露畸形
Q01.800,脑膨出，其他部位的
Q03.000,西尔维于斯导水管[中脑导水管]畸形
Q03.100,第四脑室正中孔和第四脑室外侧孔闭锁
Q04.300,脑的其他短缺畸形
Q04.800,脑其他特指的先天性畸形
Q06.800,脊髓其他特指的先天性畸形
Q13.200,先天性虹膜畸形，其他的
Q13.400,先天性角膜畸形，其他的
Q13.800,眼前段其他的先天性畸形
Q14.300,脉络膜先天性畸形
Q14.800,眼后段其他的先天性畸形
Q15.800,眼其他特指的先天性畸形
Q16.100,先天性（外）耳道缺如、闭锁和狭窄
Q17.300,畸形耳，其他的
Q17.800,耳先天性畸形，其他特指的
Q18.000,鳃裂窦、瘘和囊肿
Q18.100,耳前窦道和囊肿
Q18.800,面和颈部其他特指的先天性畸形
Q18.900,面和颈部先天性畸形
Q20.800,心腔和心连接其他的先天性畸形
Q21.300,法洛[法乐]四联症
Q21.400,主动脉肺动脉间隔缺损
Q22.300,肺动脉瓣的其他先天性畸形
Q22.800,三尖瓣的其他先天性畸形
Q23.900,主动脉瓣和二尖瓣先天性畸形
Q24.000,右位心
Q24.500,冠状血管畸形
Q24.600,先天性心脏传导阻滞
Q25.400,主动脉的其他先天性畸形
Q25.700,肺动脉的其他先天性畸形
Q25.800,大动脉的其他先天性畸形
Q26.000,先天性腔静脉狭窄
Q26.200,肺静脉连接完全异常
Q26.800,大静脉的其他先天性畸形
Q26.900,大静脉先天性畸形
Q27.200,肾动脉的其他先天性畸形
Q27.300,周围动静脉畸形
Q27.800,周围血管系统其他特指的先天性畸形
Q28.300,大脑血管的其他畸形
Q28.800,循环系统其他特指的先天性畸形
Q30.100,鼻缺如和发育不良
Q30.200,鼻裂和鼻切迹
Q30.800,鼻的其他先天性畸形
Q31.300,喉膨出
Q31.800,喉的其他先天性畸形
Q32.400,支气管的其他先天性畸形
Q33.300,肺不发生
Q33.800,肺的其他先天性畸形
Q34.800,呼吸系统其他特指的先天性畸形
Q38.000,唇先天性畸形，不可归类在他处者
Q38.500,腭先天性畸形，不可归类在他处者
Q38.600,口的其他先天性畸形
Q38.800,咽的其他先天性畸形
Q39.000,食管闭锁不伴有瘘
Q39.200,先天性气管食管瘘不伴有闭锁
Q39.500,先天性食管扩张
Q39.800,食管的其他先天性畸形
Q40.200,胃其他特指的先天性畸形
Q41.000,十二指肠先天性缺如、闭锁和狭窄
Q41.100,空肠先天性缺如、闭锁和狭窄
Q41.200,回肠先天性缺如、闭锁和狭窄
Q41.900,小肠部位先天性缺如、闭锁和狭窄
Q42.000,直肠先天性缺如、闭锁和狭窄，伴有瘘
Q42.100,直肠先天性闭锁和狭窄，不伴有瘘
Q42.200,肛门先天性缺如、闭锁和狭窄，伴有瘘
Q42.300,肛门先天性缺如、闭锁和狭窄，不伴有瘘
Q42.800,大肠其他部位的先天性缺如、闭锁和狭窄
Q42.900,大肠先天性缺如、闭锁和狭窄
Q43.300,先天性肠固定畸形
Q43.400,肠重复畸形
Q43.600,直肠和肛门先天性瘘
Q43.800,肠的其他特指先天性畸形
Q44.000,胆囊缺如、不发育和发育不全
Q44.100,胆囊的其他先天性畸形
Q44.500,胆管的其他先天性畸形
Q44.700,肝的其他先天性畸形
Q45.000,胰腺缺如、不发育和发育不全
Q45.300,胰腺和胰管的其他先天性畸形
Q45.800,消化系统其他特指的先天性畸形
Q50.300,卵巢的其他先天性畸形
Q50.500,阔韧带胚胎性囊肿
Q51.200,"双子宫,其他的"
Q51.500,宫颈缺如和不发育
Q51.700,子宫和消化道、泌尿道之间的先天性瘘
Q51.800,子宫和宫颈的其他先天性畸形
Q52.100,双阴道
Q52.400,阴道的其他先天性畸形
Q52.500,阴唇融合
Q52.600,阴蒂先天性畸形
Q52.700,外阴的其他先天性畸形
Q52.800,女性生殖器的其他特指先天性畸形
Q52.900,女性生殖器先天性畸形
Q55.000,睾丸缺如和不发育
Q55.100,睾丸和阴囊发育不全
Q55.200,睾丸和阴囊的其他先天性畸形
Q55.400,输精管、附睾、精囊和前列腺的其他畸形
Q55.500,阴茎缺如和不发育
Q55.600,阴茎的其他先天性畸形
Q62.300,肾盂和输尿管的其他梗阻性缺陷
Q63.100,分叶肾、融合肾和马蹄形肾
Q63.300,增生性和巨大肾
Q63.800,肾的其他特指先天性畸形
Q64.300,尿道和膀胱颈的其他闭锁和狭窄
Q64.400,脐尿管畸形
Q64.500,膀胱和尿道先天性缺如
Q64.700,膀胱和尿道的其他先天性畸形
Q64.800,泌尿系统的其他特指先天性畸形
Q65.800,髋的其他先天性变形
Q66.800,足的其他先天性变形
Q67.400,颅、面和颌的其他先天性变形
Q67.800,胸的其他先天性变形
Q68.000,胸锁乳突肌先天性变形
Q68.400,先天性胫骨和腓骨弯曲
Q68.800,肌肉骨骼的其他特指先天性变形
Q69.900,多指[趾]畸形
Q70.400,多指[趾]和并指[趾]畸形
Q70.900,并指[趾]畸形
Q71.200,前臂和手的先天性缺如
Q71.300,手和手指的先天性缺如
Q71.800,上肢的其他短小缺陷
Q72.300,足和趾先天性缺如
Q74.000,上肢（包括上肢带骨）的其他先天性畸形
Q74.100,膝先天性畸形
Q74.200,下肢（包括骨盆带）的其他先天性畸形
Q74.800,四肢的其他特指先天性畸形
Q75.800,颅和面骨的其他特指先天性畸形
Q76.400,脊柱其他先天性畸形，与脊柱侧弯无关
Q76.600,肋骨的其他先天性畸形
Q79.100,膈的其他先天性畸形
Q79.800,肌肉骨骼系统的其他先天性畸形
Q82.500,先天性非肿瘤性痣
Q82.800,皮肤的其他特指先天性畸形
Q83.800,乳房的其他先天性畸形
Q84.600,指甲的其他先天性畸形
Q84.800,体被的其他特指先天性畸形
Q85.800,斑痣性错构瘤病，其他的不可归类在他处者
Q87.000,主要影响面部外貌的先天性畸形综合征
Q87.100,主要与身材矮小症有关的先天性畸形综合征
Q87.300,涉及早期过度生长的先天性畸形综合征
Q89.200,内分泌腺先天性畸形，其他的
Q89.800,先天性畸形，其他特指的
R01.200,心音，其他的
R03.000,血压读数升高，无高血压诊断者
R04.800,呼吸道其他部位出血
R06.500,口呼吸
R06.800,呼吸异常，其他和未特指的
R07.100,呼吸时胸痛
R07.300,胸痛，其他的
R09.800,累及循环和呼吸系统其他特指的症状和体征
R10.100,局限于上腹部的疼痛
R10.200,盆腔和会阴痛
R10.300,局限于下腹部其他部位的疼痛
R10.400,腹痛，其他和未特指的
R11.x00,恶心和呕吐
R14.x00,胃肠气胀及有关情况
R16.000,肝大，不可归类在他处者
R16.100,脾大，不可归类在他处者
R16.200,肝大伴有脾大，不可归类在他处者
R19.000,腹腔内和盆腔的肿胀、肿物和肿块
R19.500,大便异常，其他的
R19.800,累及消化系统和腹部其他特指的症状和体征
R20.200,皮肤感觉异常
R20.800,皮肤感觉障碍，其他和未特指的
R21.x00,皮疹和其他非特异性斑疹
R22.000,头部的局部肿胀、肿物和肿块
R22.100,颈部的局部肿胀、肿物和肿块
R22.200,躯干的局部肿胀、肿物和肿块
R22.300,上肢的局部肿胀、肿物和肿块
R22.400,下肢的局部肿胀、肿物和肿块
R22.700,多部位的局部肿胀、肿物和肿块
R22.900,局部肿胀、肿物和肿块
R23.200,发红
R23.400,皮肤质地的改变
R23.800,皮肤改变，其他和未特指的
R25.200,痛性痉挛和痉挛
R25.800,异常的不随意运动，其他和未特指的
R26.200,行走困难，不可归类在他处者
R26.800,异常的步态和移动，其他和未特指的
R27.800,协调缺乏，其他和未特指的
R30.900,痛性排尿
R34.x00,无尿和少尿
R36.x00,尿道排出物
R39.100,排尿困难，其他的
R39.800,累及泌尿系统其他和未特指的症状和体征
R41.300,遗忘症，其他的
R41.800,累及认知功能和意识的其他和未特指的症状和体征
R42.x00,头晕和眩晕
R43.800,嗅觉和味觉障碍，其他和未特指的
R44.200,幻觉，其他的
R44.800,累及一般感觉和知觉的其他和未特指的症状和体征
R45.100,不安和激动
R45.300,沮丧和情感淡漠
R45.400,急躁和愤怒
R45.700,情绪冲动和紧张状态
R45.800,累及情绪状态的其他症状和体征
R46.200,奇怪和令人费解的行为
R46.800,累及外貌与行为的其他症状和体征
R47.000,言语困难和失语
R47.100,构音困难和构音不全
R47.800,言语障碍，其他和未特指的
R48.000,诵读困难和失读（症）
R48.800,符号识别功能障碍，其他和未特指的
R49.200,鼻音过重和鼻音过轻
R49.800,语音障碍，其他和未特指的
R50.800,发热，其他特指的
R53.x00,不适和疲劳
R56.800,惊厥，其他和未特指的
R57.800,休克，其他的
R58.x00,出血，不可归类在他处者
R59.000,局限性淋巴结增大
R62.000,发育指标延迟
R62.800,未达到其他预期正常生理发育水平
R63.300,喂养困难和照管不当
R63.800,有关食物和液体摄取的其他症状和体征
R65.300,非传染性病因的全身炎症反应综合征伴有器官衰竭
R68.100,婴儿期特有的非特指的症状
R68.800,一般症状和体征，其他特指的
R72.x00,白细胞异常，不可归类在他处者
R73.900,血糖过多
R74.000,转氨酶和乳酸脱氢酶[LDH]水平升高
R74.800,血清酶水平异常，其他的
R74.900,血清酶水平异常
R76.000,抗体效价增高
R76.800,血清免疫学异常所见，其他特指的
R77.800,血浆蛋白的其他特指异常
R78.800,血中发现通常不出现的其他特指物质
R79.800,血液化学其他特指的异常所见
R81.x00,糖尿
R82.500,尿内药物、药剂和生物制剂水平升高
R82.600,尿中主要为非药用物质的水平异常
R82.900,尿的其他和未特指的异常所见
R84.900,呼吸器官和胸腔标本的异常所见
R85.900,消化器官和腹腔标本的异常所见
R86.900,男性生殖器官标本的异常所见
R87.900,女性生殖器官标本的异常所见
R89.900,器官、系统和组织标本的异常所见，其他的
R90.800,中枢神经系统诊断性影像检查的其他异常所见
R91.x00,肺诊断性影像检查的异常所见
R93.000,颅骨和头诊断性影像检查的异常所见，不可归类在他处者
R93.100,心脏和冠状循环诊断性影像检查的异常所见
R93.200,肝和胆道诊断性影像检查的异常所见
R93.300,消化道其他部位诊断性影像检查的异常所见
R93.400,泌尿器官诊断性影像检查的异常所见
R93.500,腹部区域诊断性影像检查的异常所见（包括腹膜后腔），其他的
R93.800,诊断性影像检查的异常所见，其他特指身体结构的
R94.100,周围神经系统和特殊感觉功能检查的异常结果
R94.800,"器官和系统的功能检查的异常结果,其他的"
R96.000,瞬间死亡
R96.100,死亡发生于症状起始后24小时以内，另无解释
R98.x00,无人在场的死亡
R99.x00,其他原因不明确和未特指原因的死亡
S00.000,头皮浅表损伤
S00.100,眼睑和眼周区挫伤
S00.800,头部其他部位的浅表损伤
S01.200,鼻开放性伤口
S01.300,耳开放性伤口
S01.400,颊和颞下颌区开放性伤口
S01.500,唇和口腔开放性伤口
S01.800,头部其他部位的开放性伤口
S02.400,颧骨和上颌骨骨折
S02.700,累及颅骨和面骨的多处骨折
S02.800,颅骨和面骨骨折，其他的
S02.900,颅骨和面骨骨折
S03.300,头部其他和未特指部位的脱位
S03.500,头部其他和未特指部位关节和韧带扭伤和劳损
S04.000,视神经和视路损伤
S04.800,脑神经损伤，其他的
S05.000,结合膜损伤和角膜擦伤，未提及异物
S05.100,眼球和眶组织挫伤
S05.200,眼撕裂伤和破裂伴有眼内组织脱出或缺失
S05.400,眶贯通伤伴有或不伴有异物
S05.500,眼球贯通伤伴有异物
S05.600,眼球贯通伤不伴有异物
S05.800,眼和眶其他损伤
S06.200,弥散性脑损伤
S06.300,局部脑损伤
S06.800,颅内损伤，其他的
S09.000,头部血管损伤，不可归类在他处者
S09.100,头部肌肉和肌腱损伤
S09.800,头部其他特指的损伤
S10.000,咽喉挫伤
S10.100,咽喉其他和未特指的浅表损伤
S10.800,颈部其他部位的浅表损伤
S11.000,颈部开放性伤口累及喉和气管
S11.100,颈部开放性伤口累及甲状腺
S11.200,颈部开放性伤口累及咽和颈部食管
S11.800,颈部其他部位的开放性伤口
S12.200,颈椎的骨折，其他特指的
S12.800,颈部其他部位的骨折
S12.900,颈部的骨折
S13.200,颈部其他和未特指部位的脱位
S13.600,颈部其他和未特指部位关节和韧带扭伤和劳损
S14.000,颈部脊髓震荡和水肿
S14.100,颈部脊髓其他和未特指的损伤
S14.600,颈部其他和未特指神经的损伤
S15.000,颈动脉损伤
S15.800,在颈水平的其他血管损伤
S15.900,在颈水平的血管损伤
S16.x00,在颈水平的肌肉和肌腱损伤
S17.000,喉和气管挤压伤
S18.x00,在颈水平的创伤性切断
S19.800,颈部其他特指的损伤
S20.100,乳房其他和未特指的浅表损伤
S20.300,胸前壁其他浅表损伤
S20.400,胸后壁其他浅表损伤
S20.800,胸部其他和未特指部位的浅表损伤
S21.100,胸前壁开放性伤口
S21.200,胸后壁开放性伤口
S21.800,胸部其他部位的开放性伤口
S21.900,胸部的开放性伤口
S22.000,胸椎骨折
S23.100,胸椎脱位
S23.200,胸部其他和未特指部位的脱位
S24.000,胸部脊髓震荡和水肿
S24.100,胸部脊髓其他和未特指的损伤
S25.100,无名动脉或锁骨下动脉损伤
S25.200,上腔静脉损伤
S25.300,无名静脉或锁骨下静脉损伤
S25.800,胸部其他血管的损伤
S26.000,伴有心包积血的心脏损伤
S26.800,心脏其他损伤
S27.300,肺的其他损伤
S27.800,胸内器官损伤，其他特指的
S29.000,在胸水平的肌肉和肌腱损伤
S30.000,下背和骨盆挫伤
S30.200,外生殖器挫伤
S30.800,腹部、下背和骨盆其他的浅表损伤
S30.900,腹部、下背和骨盆的浅表损伤
S31.000,下背和骨盆开放性伤口
S31.300,阴囊和睾丸开放性伤口
S31.400,阴道和外阴开放性伤口
S31.500,外生殖器的开放性伤口，其他和未特指的
S31.800,腹部其他和未特指部位的开放性伤口
S32.000,腰椎骨折
S32.500,耻骨骨折
S32.800,腰椎和骨盆其他和未特指部位的骨折
S33.100,腰椎脱位
S33.200,骶髂关节和骶尾关节脱位
S33.300,腰椎和骨盆其他和未特指部位的脱位
S33.700,腰椎和骨盆其他和未特指部位的扭伤和劳损
S34.000,腰部脊髓震荡和水肿
S34.100,腰部脊髓其他损伤
S34.200,腰骶神经根损伤
S34.800,在腹、下背和骨盆水平的其他和未特指神经的损伤
S35.200,腹腔或肠系膜动脉损伤
S35.300,门静脉或脾静脉损伤
S35.400,肾血管损伤
S35.500,髂血管损伤
S35.700,在腹、下背和骨盆水平的多处血管损伤
S35.800,在腹、下背和骨盆水平的其他血管损伤
S35.900,在腹、下背和骨盆水平的血管的损伤
S36.100,肝或胆囊损伤
S36.800,腹内器官损伤，其他的
S37.800,盆腔器官损伤，其他的
S38.100,腹部、下背和骨盆其他和未特指部位的挤压伤
S38.200,外生殖器创伤性切断
S38.300,腹部、下背和骨盆其他和未特指部位的创伤性切断
S39.000,腹部、下背和骨盆肌肉和肌腱损伤
S39.800,腹部、下背和骨盆其他特指的损伤
S39.900,腹部、下背和骨盆损伤
S40.000,肩和上臂挫伤
S40.800,肩和上臂其他浅表损伤
S41.800,肩胛带其他和未特指部位的开放性伤口
S42.200,肱骨上端骨折
S42.400,肱骨下端骨折
S43.300,肩胛带其他和未特指部位的脱位
S43.400,肩关节扭伤和劳损
S44.000,在上臂水平的尺神经损伤
S44.100,在上臂水平的正中神经损伤
S44.200,在上臂水平的桡神经损伤
S44.700,在肩和上臂水平的多神经损伤
S44.800,在肩和上臂水平的其他神经损伤
S44.900,在肩和上臂水平神经的损伤
S45.100,肱动脉损伤
S45.200,腋或肱静脉损伤
S45.300,在肩和上臂水平的浅表静脉损伤
S45.700,在肩和上臂水平的多处血管损伤
S45.900,在肩和上臂水平的血管的损伤
S46.100,二头肌长头肌肉和肌腱损伤
S46.200,二头肌其他部位肌肉和肌腱损伤
S46.300,三头肌肌肉和肌腱损伤
S46.700,在肩和上臂水平的多处肌肉和肌腱损伤
S46.800,在肩和上臂水平的其他肌肉和肌腱损伤
S46.900,在肩和上臂水平的肌肉和肌腱的损伤
S47.x00,肩和上臂挤压伤
S48.100,在肩和肘之间水平的创伤性切断
S49.900,肩和上臂损伤
S50.100,前臂其他和未特指部位的挫伤
S50.800,前臂的其他浅表损伤
S51.800,前臂其他部位的开放性伤口
S51.900,前臂开放性伤口
S52.000,尺骨上端骨折
S52.100,桡骨上端骨折
S52.400,尺骨和桡骨骨干均骨折
S52.500,桡骨下端骨折
S52.600,尺骨和桡骨下端均骨折
S52.800,前臂其他部位的骨折
S53.200,桡侧副韧带创伤性破裂
S53.300,尺侧副韧带创伤性破裂
S54.000,在前臂水平的尺神经损伤
S54.100,在前臂水平的正中神经损伤
S54.200,在前臂水平的桡神经损伤
S54.300,在前臂水平的皮感觉神经损伤
S54.700,在前臂水平的多神经损伤
S54.900,在前臂水平的神经的损伤
S55.000,在前臂水平的尺动脉损伤
S55.100,在前臂水平的桡动脉损伤
S55.200,在前臂水平的静脉损伤
S55.700,在前臂水平的多处血管损伤
S55.900,在前臂水平的血管的损伤
S56.000,在前臂水平的拇指屈肌和肌腱损伤
S56.100,在前臂水平的其他手指屈肌和肌腱损伤
S56.200,在前臂水平的其他屈肌和肌腱损伤
S56.300,在前臂水平的拇指伸肌或外展肌和肌腱损伤
S56.400,在前臂水平的其他手指伸肌和肌腱损伤
S56.500,在前臂水平的其他伸肌和肌腱损伤
S56.700,在前臂水平的多处肌肉和肌腱损伤
S56.800,在前臂水平的其他肌肉和肌腱的损伤
S58.000,在肘水平的创伤性切断
S58.100,在肘和腕之间水平的创伤性切断
S58.900,在前臂水平的创伤性切断
S60.000,手指挫伤不伴有指甲损害
S60.200,腕和手其他部位的挫伤
S60.800,腕和手的其他浅表损伤
S61.000,手指开放性伤口不伴有指甲损害
S61.100,手指开放性伤口伴有指甲损害
S61.800,腕和手其他部位的开放性伤口
S62.000,手舟[舟状]骨骨折
S62.100,腕骨骨折，其他特指的
S62.300,掌骨骨折，其他的
S62.600,手指骨折，其他的
S62.800,腕和手其他和未特指部位的骨折
S63.300,腕和腕关节韧带创伤性破裂
S63.400,掌指和指间关节处的手指韧带创伤性破裂
S63.700,手其他和未特指部位的扭伤和劳损
S64.000,在腕和手水平的尺神经损伤
S64.100,在腕和手水平的正中神经损伤
S64.200,在腕和手水平的桡神经损伤
S64.400,"手指指神经损伤,其他的"
S64.700,在腕和手水平的多神经损伤
S64.900,在腕和手水平的神经的损伤
S65.000,在腕和手水平的尺动脉损伤
S65.100,在腕和手水平的桡动脉损伤
S65.700,在腕和手水平的多血管损伤
S65.900,在腕和手水平的血管的损伤
S66.000,在腕和手水平的拇指长屈肌和肌腱损伤
S66.100,在腕和手水平的其他手指屈肌和肌腱损伤
S66.200,在腕和手水平的拇指伸肌和肌腱损伤
S66.300,在腕和手水平的其他手指伸肌和肌腱损伤
S66.400,在腕和手水平的拇指内在肌和肌腱损伤
S66.500,在腕和手水平的其他手指内在肌和肌腱损伤
S66.600,在腕和手水平的多处屈肌和肌腱损伤
S66.700,在腕和手水平的多处伸肌和肌腱损伤
S66.900,在腕和手水平的肌肉和肌腱的损伤
S67.000,拇指和其他手指挤压伤
S67.800,腕和手其他和未特指部位的挤压伤
S68.000,拇指创伤性切断（完全）（部分）
S68.100,单个手指创伤性切断（完全）（部分），其他的
S68.200,仅两个或更多手指创伤性切断（完全）（部分）
S68.400,手在腕水平的创伤性切断
S68.800,腕和手其他部位的创伤性切断
S69.900,腕和手的损伤
S70.700,髋和大腿多处浅表损伤
S70.800,髋和大腿其他浅表损伤
S70.900,髋和大腿的浅表损伤
S71.800,骨盆带其他和未特指部位的开放性伤口
S72.100,经大转子骨折
S72.200,转子下骨折
S72.400,股骨下端骨折
S74.000,在髋和大腿水平的坐骨神经损伤
S74.100,在髋和大腿水平的股神经损伤
S74.200,在髋和大腿水平的皮感觉神经损伤
S74.700,在髋和大腿水平的多神经损伤
S74.800,在髋和大腿水平的其他神经损伤
S74.900,在髋和大腿水平神经的损伤
S75.100,在髋和大腿水平的股静脉损伤
S75.700,在髋和大腿水平的多血管损伤
S75.900,在髋和大腿水平血管的损伤
S76.000,髋部肌肉和肌腱损伤
S76.100,四头肌和肌腱损伤
S76.200,大腿内收肌和肌腱损伤
S76.300,在大腿水平的后部肌群和肌腱损伤
S76.400,在大腿水平的其他和未特指的肌肉和肌腱损伤
S76.700,髋关节和在大腿水平的多处肌肉和肌腱损伤
S78.100,在髋和膝关节之间水平的创伤性切断
S79.900,髋和大腿损伤
S80.100,小腿其他和未特指部位的挫伤
S80.800,小腿的其他浅表损伤
S81.800,小腿其他部位的开放性伤口
S82.100,胫骨上端骨折
S82.200,胫骨骨干骨折
S82.300,胫骨下端骨折
S82.400,仅腓骨骨折
S82.800,小腿其他部位的骨折
S83.200,半月板撕裂，近期的
S83.300,膝关节软骨撕裂，近期的
S83.400,累及膝关节（腓）（胫）副韧带的扭伤和劳损
S83.500,累及膝关节（前）（后）十字韧带的扭伤和劳损
S83.600,膝的其他和未特指部位的扭伤和劳损
S83.700,膝的多处结构的损伤
S84.000,在小腿水平的胫神经损伤
S84.100,在小腿水平的腓神经损伤
S84.200,在小腿水平的皮感觉神经损伤
S84.700,在小腿水平的多神经损伤
S84.800,在小腿水平的其他神经损伤
S84.900,在小腿水平神经的损伤
S85.100,胫动脉损伤（前）（后）
S85.300,在小腿水平的大隐静脉损伤
S85.400,在小腿水平的小隐静脉损伤
S85.700,在小腿水平的多处血管损伤
S85.800,在小腿水平的其他血管损伤
S85.900,在小腿水平的血管的损伤
S86.000,跟腱损伤
S86.100,在小腿水平的后部肌群的其他肌肉和肌腱损伤
S86.200,在小腿水平的前部肌群的肌肉和肌腱损伤
S86.300,在小腿水平的腓侧肌群的肌肉和肌腱损伤
S86.700,在小腿水平的多处肌肉和肌腱损伤
S86.900,在小腿水平的肌肉和肌腱的损伤
S87.800,小腿其他和未特指部位的挤压伤
S88.000,在膝水平的创伤性切断
S88.100,在膝和踝之间水平的创伤性切断
S90.300,足的其他和未特指部位的挫伤
S90.800,踝和足的其他浅表损伤
S90.900,踝和足的浅表损伤
S90.900,踝和足的浅表损伤
S91.300,足的其他部位的开放性伤口
S91.700,踝和足多处开放性伤口
S92.200,跗骨骨折，其他的
S92.500,趾骨骨折，其他的
S93.100,足趾脱位
S93.200,在踝和足水平的韧带破裂
S93.300,足的其他和未特指部位的脱位
S93.600,足的其他和未特指部位的扭伤和劳损
S94.200,在踝和足水平的腓深神经损伤
S94.300,在踝和足水平的皮感觉神经损伤
S94.700,在踝和足水平的多神经损伤
S94.800,在踝和足水平的其他神经损伤
S94.900,在踝和足水平的神经的损伤
S95.700,在踝和足水平的多血管损伤
S95.900,在踝和足水平血管的损伤
S96.000,在踝和足水平趾长屈肌和肌腱损伤
S96.100,在踝和足水平趾长伸肌和肌腱损伤
S96.200,在踝和足水平的内在肌和肌腱损伤
S96.700,在踝和足水平的多处肌肉和肌腱损伤
S96.800,在踝和足水平的其他肌肉和肌腱损伤
S96.900,在踝和足水平的肌肉和肌腱的损伤
S97.800,踝和足其他部位的挤压伤
S98.000,足在踝水平的创伤性切断
S98.100,一个足趾的创伤性切断
S98.200,两个或更多足趾的创伤性切断
S99.700,踝和足多处损伤
S99.800,踝和足其他特指的损伤
S99.900,踝和足损伤
T00.000,累及头部伴有颈部的浅表损伤
T00.100,累及胸部伴有腹部、下背和骨盆的浅表损伤
T00.200,累及上肢多个部位的浅表损伤
T00.300,累及下肢多个部位的浅表损伤
T00.600,累及上肢伴有下肢多个部位的浅表损伤
T00.800,累及身体其他复合部位的浅表损伤
T01.000,累及头部伴有颈部的开放性伤口
T01.100,累及胸部伴有腹部、下背和骨盆的开放性伤口
T01.200,累及上肢多个部位的开放性伤口
T01.300,累及下肢多个部位的开放性伤口
T01.600,累及上肢伴有下肢多个部位的开放性伤口
T01.800,累及其他复合身体部位的开放性伤口
T02.000,累及头部伴有颈部的骨折
T02.100,累及胸部伴有下背和骨盆的骨折
T02.200,累及单上肢多个部位的骨折
T02.300,累及单下肢多个部位的骨折
T02.400,累及双上肢多个部位的骨折
T02.500,累及双下肢多个部位的骨折
T02.600,累及上肢伴有下肢多个部位的骨折
T02.700,累及胸部伴有下背和骨盆及四肢的骨折
T02.800,累及身体其他复合部位的骨折
T03.000,累及头部伴有颈部的脱位、扭伤和劳损
T03.100,累及胸部伴有下背和骨盆的脱位、扭伤和劳损
T03.200,累及上肢多个部位的脱位、扭伤和劳损
T03.300,累及下肢多个部位的脱位、扭伤和劳损
T03.400,累及上肢伴有下肢多个部位的脱位、扭伤和劳损
T03.800,累及身体其他复合部位的脱位、扭伤和劳损
T04.000,累及头部伴有颈部的挤压伤
T04.100,累及胸部伴有腹部、下背和骨盆的挤压伤
T04.200,累及上肢多个部位的挤压伤
T04.300,累及下肢多个部位的挤压伤
T04.400,累及上肢伴有下肢多个部位的挤压伤
T04.700,胸部伴有腹部、下背和骨盆及四肢的挤压伤
T04.800,累及身体其他复合部位的挤压伤
T04.900,多处挤压伤
T05.100,一只手和另一臂的创伤性切断[任何水平，除外手]
T05.200,双臂创伤性切断[任何水平]
T05.400,一只足和另一小腿的创伤性切断[任何水平，除外足]
T05.500,双小腿创伤性切断[任何水平]
T05.600,上肢和下肢任何组合的创伤性切断[任何水平]
T05.800,累及身体其他复合部位的创伤性切断
T06.000,脑神经损伤伴有在颈水平的神经和脊髓损伤
T06.100,累及身体其他多个部位的神经和脊髓损伤
T06.200,累及身体多个部位的神经损伤
T06.300,累及身体多个部位的血管损伤
T06.400,累及身体多个部位的肌肉和肌腱损伤
T06.500,胸内器官伴有腹内和盆腔内器官的损伤
T06.800,累及身体多个部位的其他特指损伤
T13.200,下肢关节和韧带脱位、扭伤和劳损
T13.500,下肢肌肉和肌腱的损伤
T14.100,开放性伤口
T14.600,肌腱和肌肉损伤
T14.700,挤压伤和创伤性切断
T15.100,结合膜囊异物
T15.800,外眼其他和多处部位内异物
T17.100,鼻孔内异物
T17.800,呼吸道其他和多处部位内异物
T18.500,肛门和直肠内异物
T18.800,消化道其他和多处部位内异物
T19.200,外阴和阴道内异物
T19.800,泌尿生殖道其他和多处部位内异物
T22.000,肩和上肢的烧伤，除外腕和手
T22.100,肩和上肢一度烧伤，除外腕和手
T22.200,肩和上肢二度烧伤，除外腕和手
T22.300,肩和上肢三度烧伤，除外腕和手
T22.400,肩和上肢的腐蚀伤，除外腕和手
T22.500,肩和上肢一度腐蚀伤，除外腕和手
T22.600,肩和上肢二度腐蚀伤，除外腕和手
T22.700,肩和上肢三度腐蚀伤，除外腕和手
T23.000,腕和手未特指程度的烧伤
T24.000,髋和下肢烧伤，除外踝和足
T24.100,髋和下肢一度烧伤，除外踝和足
T24.200,髋和下肢二度烧伤，除外踝和足
T24.300,髋和下肢三度烧伤，除外踝和足
T24.400,髋和下肢腐蚀伤，除外踝和足
T24.500,髋和下肢一度腐蚀伤，除外踝和足
T24.600,髋和下肢二度腐蚀伤，除外踝和足
T24.700,髋和下肢三度腐蚀伤，除外踝和足
T26.100,角膜和结合膜囊烧伤
T26.200,烧伤伴有导致眼球破裂和破坏
T26.300,眼和附器其他部位烧伤
T26.600,角膜和结合膜囊腐蚀伤
T26.700,腐蚀伤伴有导致眼球破裂和破坏
T26.800,眼和附器其他部位腐蚀伤
T27.000,喉和气管烧伤
T27.100,累及喉和气管及肺的烧伤
T27.200,呼吸道其他部位的烧伤
T27.400,喉和气管腐蚀伤
T27.500,累及喉和气管及肺的腐蚀伤
T27.600,呼吸道其他部位的腐蚀伤
T28.000,口和咽烧伤
T28.200,消化道其他部位的烧伤
T28.400,内部器官的烧伤，其他和未特指的
T28.500,口和咽腐蚀伤
T28.700,消化道其他部位的腐蚀伤
T28.900,内部器官的腐蚀伤，其他的
T29.100,多个部位烧伤，述及的烧伤不超过一度
T29.200,多个部位烧伤，述及的烧伤不超过二度
T29.300,多个部位烧伤，述及的烧伤至少有一处三度烧伤
T29.500,多个部位腐蚀伤，述及的腐蚀伤不超过一度
T29.600,多个部位腐蚀伤，述及的腐蚀伤不超过二度
T29.700,多个部位腐蚀伤，述及的腐蚀伤至少有一处三度腐蚀伤
T33.300,腹壁、下背和骨盆浅表冻伤
T33.500,腕和手浅表冻伤
T33.600,髋和大腿浅表冻伤
T33.700,膝和小腿浅表冻伤
T33.800,踝和足浅表冻伤
T33.900,浅表冻伤，其他和未特指部位的
T34.300,腹壁、下背和骨盆冻伤伴有组织坏死
T34.500,腕和手冻伤伴有组织坏死
T34.600,髋和大腿冻伤伴有组织坏死
T34.700,膝和小腿冻伤伴有组织坏死
T34.800,踝和足冻伤伴有组织坏死
T34.900,冻伤伴有组织坏死，其他和未特指部位的
T35.000,累及身体多个部位的浅表冻伤
T35.100,累及身体多个部位的冻伤伴有组织坏死
T35.300,胸部、腹部、下背和骨盆的冻伤
T35.600,累及身体多个部位的冻伤
T35.700,冻伤
T36.100,头孢菌素和其他β内酰胺类抗生素中毒
T37.900,全身性抗感染药和抗寄生虫药中毒
T38.800,激素类及其合成代用品中毒，其他和未特指的
T38.900,激素类拮抗剂中毒，其他和未特指的
T39.400,抗风湿药中毒，不可归类在他处者
T40.600,麻醉品中毒，其他的
T40.900,致幻药[致幻剂]中毒，其他和未特指的
T41.200,全身麻醉药中毒，其他和未特指的
T42.200,琥珀酰亚胺和恶唑烷二酮类中毒
T42.500,混合型镇癫痫药中毒，不可归类在他处者
T42.700,镇癫痫药和镇静催眠药中毒
T43.000,三环和四环抗抑郁药中毒
T43.200,抗抑郁药中毒，其他和未特指的
T43.400,丁酰苯和硫蒽精神安定剂中毒
T43.500,抗精神病药和精神安定剂中毒，其他和未特指的
T44.100,拟副交感神经药[胆碱能药]中毒，其他的
T44.200,神经节阻滞药中毒，不可归类在他处者
T44.400,主要为α肾上腺素能受体显效药中毒，不可归类在他处者
T44.500,主要为β肾上腺素能受体显效药中毒，不可归类在他处者
T44.600,α肾上腺素能受体拮抗剂中毒，不可归类在他处者
T44.700,β肾上腺素能受体拮抗剂中毒，不可归类在他处者
T44.800,中枢作用和肾上腺素能-神经元-阻滞剂中毒，不可归类在他处者
T44.900,主要影响自主神经系统的其他和未特指的药物中毒
T45.000,抗过敏药和止吐药中毒
T45.200,维生素类中毒，不可归类在他处者
T45.300,酶类中毒，不可归类在他处者
T45.500,抗凝剂中毒
T45.700,抗凝拮抗剂、维生素K和其他凝血药中毒
T45.800,中毒，其他主要为全身性和血液学制剂的
T46.200,"抗心律障碍药中毒，其他的,不可归类在他处者"
T46.300,冠状血管扩张剂中毒，不可归类在他处者
T46.500,"抗高血压药中毒，其他的,不可归类在他处者"
T46.800,抗静脉曲张药（包括硬化剂）中毒
T46.900,主要影响心血管系统的其他制剂中毒
T47.100,抗酸药和抗胃分泌药中毒，其他的
T48.200,主要作用于肌肉的其他和未特指制剂中毒
T48.700,主要作用于呼吸系统的其他和未特指制剂中毒
T49.200,局部收敛药和局部去污剂中毒
T49.300,润滑药、缓和药和保护药中毒
T49.400,角质层分离药、角质层增生药和其他毛发治疗的药物和制剂中毒
T49.700,牙科药物中毒，局部应用的
T50.400,影响尿酸代谢的药物中毒
T50.600,解毒剂和螯合剂中毒，不可归类在他处者
T50.700,兴奋药和阿片样物质受体拮抗剂中毒
T52.100,苯的毒性效应
T54.200,腐蚀性酸和酸样物质的毒性效应
T55.x00,皂类和洗涤剂的毒性效应
T56.000,铅及其化合物的毒性效应
T56.100,汞及其化合物的毒性效应
T56.200,铬及其化合物的毒性效应
T56.300,镉及其化合物的毒性效应
T56.400,铜及其化合物的毒性效应
T56.500,锌及其化合物的毒性效应
T56.600,锡及其化合物的毒性效应
T57.000,砷及其化合物的毒性效应
T57.100,磷及其化合物的毒性效应
T57.200,锰及其化合物的毒性效应
T59.400,氯气的毒性效应
T59.500,氟气和氟化氢的毒性效应
T59.600,硫化氢的毒性效应
T60.000,有机磷酸盐和氨基甲酸酯杀虫剂的毒性效应
T60.300,除莠剂和杀真菌药的毒性效应
T61.200,鱼和水生贝壳类动物中毒，其他的
T62.000,摄入蘑菇类的毒性效应
T62.100,摄入浆果类的毒性效应
T62.200,摄入其他植物（或植物的某些部分）的毒性效应
T62.900,摄入食物中有害物质的毒性效应
T63.500,与鱼接触的毒性效应
T63.600,与其他海生动物接触的毒性效应
T63.800,与其他有毒动物接触的毒性效应
T64.x00,黄曲霉毒素和其他真菌毒素污染食物的毒性效应
T65.200,烟草和尼古丁的毒性效应
T65.500,硝化甘油和其他硝酸及酯类的毒性效应
T65.600,油漆和染料的毒性效应，不可归类在他处者
T66.x00,辐射的效应
T67.000,热射病和日射病
T69.000,浸泡手和足
T69.800,降温的其他特指效应
T70.200,高海拔的其他和未特指效应
T74.000,被忽视或遗弃
T74.800,虐待综合征，其他的
T74.900,虐待综合征
T75.800,外因的其他特指效应
T78.100,有害食物反应，其他不可归类在他处者
T79.200,创伤的继发性和复发性出血
T79.300,创伤后伤口感染，不可归类在他处者
T79.800,创伤的其他早期并发症
T80.600,血清反应，其他的
T81.000,并发于操作的出血和血肿，不可归类在他处者
T81.100,在操作中发生或由于操作造成的休克，不可归类在他处者
T81.200,在操作中意外的穿刺和撕裂，不可归类在他处者
T81.300,手术伤口破裂，不可归类在他处者
T81.400,操作后的感染，不可归类在他处者
T81.500,操作后意外遗留于体腔或手术伤口中的异物
T81.600,在操作中对意外遗留异物的急性反应
T81.700,操作后的血管并发症，不可归类在他处者
T81.800,操作的其他并发症，不可归类在他处者
T82.200,冠状动脉旁路（搭桥术）和瓣膜移植物的机械性并发症
T82.500,心脏和血管装置及植入物的机械性并发症，其他的
T82.800,心脏和血管假体装置、植入物和移植物的其他并发症
T82.900,心脏和血管假体装置、植入物和移植物的并发症
T83.000,泌尿系（留置的）导管的机械性并发症
T83.300,子宫内避孕装置的机械性并发症
T84.200,骨内部固定装置的机械性并发症，其他的
T85.300,眼假体装置、植入物和移植物的机械性并发症，其他的
T86.100,肾移植失败和排斥
T86.200,心脏移植失败和排斥
T86.300,心-肺移植失败和排斥
T86.400,肝脏移植失败和排斥
T86.800,移植器官和组织的失败和排斥，其他的
T87.600,截断术残端的其他和未特指的并发症
T88.100,免疫接种后的其他并发症，不可归类在他处者
T88.400,插管失败或困难
T88.500,麻醉的其他并发症
T90.400,眼和眶损伤后遗症
T91.000,颈部和躯干浅表损伤和开放性伤口后遗症
T91.500,腹内和盆腔器官损伤后遗症
T91.800,颈部和躯干其他特指损伤的后遗症
T92.500,上肢肌肉和肌腱损伤后遗症
T92.800,上肢其他特指损伤的后遗症
T93.300,下肢脱位、扭伤和劳损后遗症
T93.500,下肢肌肉和肌腱损伤后遗症
T95.000,头和颈烧伤、腐蚀伤和冻伤后遗症
T95.100,躯干烧伤、腐蚀伤和冻伤后遗症
T95.200,上肢烧伤、腐蚀伤和冻伤后遗症
T95.300,下肢烧伤、腐蚀伤和冻伤后遗症
T95.800,烧伤、腐蚀伤和冻伤后遗症，其他特指的
T96.x00,药物、药剂和生物制品中毒后遗症
T97.x00,主要为非药用物质毒性效应的后遗症
T98.300,手术和医疗并发症的后遗症，不可归类在他处者
Z00.000,一般性医学检查
Z00.400,一般精神科检查，不可归类在他处者
Z00.500,器官和组织的可能供者接受的检查
Z01.000,眼和视力检查
Z01.100,耳和听力检查
Z01.400,妇科学（一般性）（常规）检查
Z01.500,诊断性皮肤试验和致敏试验
Z01.800,特殊检查，其他特指的
Z03.500,可疑心血管病的观察，其他的
Z04.000,接受血中酒精和血中药物检验
Z04.600,接受权威机构要求的一般精神科检查
Z08.800,恶性肿瘤其他治疗后的随诊检查
Z09.000,"随诊检查,其他情况手术后的"
Z09.800,"随诊检查,其他情况的其他治疗后的"
Z09.900,"随诊检查,其他的情况治疗后的"
Z11.800,传染病和寄生虫病的特殊筛查，其他的
Z11.900,传染病和寄生虫病的特殊筛查
Z12.900,特殊筛查，肿瘤的
Z13.000,血液及造血器官疾病和某些涉及免疫机制的疾患的特殊筛查
Z13.400,童年时某些发育障碍的特殊筛查
Z13.800,疾病和疾患的特殊筛查，其他特指的
Z20.700,接触和暴露于虱病、螨病和其他病虫侵染
Z20.800,接触和暴露于其他传染病
Z21.x00,无症状的人类免疫缺陷病毒[HIV]感染状态
Z22.900,传染病病原携带者
Z24.000,为抗脊髓灰质炎采取必要的免疫
Z25.800,为抗其他特指的单一的病毒性疾病采取必要的免疫
Z27.400,为抗麻疹-流行性腮腺炎-风疹采取必要的免疫[MMR]
Z28.200,由于其他或未特指原因使病人决定不进行免疫
Z29.200,化学治疗，其他预防性的
Z30.000,有关避孕的一般咨询和指导
Z30.100,子宫内避孕装置的放置
Z30.200,绝育
Z30.300,月经引出
Z30.400,避孕药的监督
Z30.500,子宫内避孕装置的监督
Z30.800,避孕问题，其他的
Z31.000,既往绝育术后的输卵管或输精管成形术
Z31.300,辅助授精方法，其他的
Z31.400,生育调查和检验
Z31.600,关于生育的一般咨询和指导
Z32.000,妊娠（尚）未确认
Z33.x00,附带妊娠状态
Z34.000,首次正常妊娠的监督
Z34.900,正常妊娠监督
Z35.300,具有缺乏产前医疗照顾病史者的妊娠监督
Z35.400,具有多胎产者的妊娠监督
Z35.800,高危妊娠监督，其他的
Z36.000,对染色体异常的产前筛查
Z36.100,对甲胎蛋白水平升高的产前筛查
Z36.200,基于羊水穿刺的其他产前筛查
Z36.300,用超声波和其他物理学方法对畸形的产前筛查
Z36.400,用超声波和其他物理学方法对胎儿生长迟缓的产前筛查
Z36.800,产前筛查，其他的
Z37.000,单一活产
Z37.100,单一死产
Z37.200,双胎，均为活产
Z37.300,双胎，一为活产，一为死产
Z37.400,双胎，均为死产
Z37.500,多胎产，均为活产，其他的
Z37.600,多胎产，某些为活产，其他的
Z37.700,多胎产，均为死产，其他的
Z37.900,分娩的结局
Z37.900,分娩的结局
Z37.900,分娩的结局
Z38.300,双胎，在医院内出生
Z38.400,双胎，在医院外出生
Z38.500,双胎，未特指出生地点
Z38.600,多胎，在医院内出生，其他的
Z38.700,多胎，在医院外出生，其他的
Z38.800,多胎，其他的
Z39.000,产后即刻医疗照顾和检查
Z39.100,授乳母亲的医疗照顾和检查
Z39.200,常规产后随诊
Z40.000,与恶性肿瘤有关的危险因素的预防性手术
Z40.900,预防性手术
Z41.100,为体表不能接受的外貌而进行的其他整形外科手术
Z41.800,非以改善健康状况为目的的其他操作
Z42.100,涉及乳房整形手术的随诊医疗
Z42.200,涉及躯干其他部位整形手术的随诊医疗
Z42.300,涉及上肢整形手术的随诊医疗
Z42.400,涉及下肢整形手术的随诊医疗
Z42.800,涉及身体其他部位整形手术的随诊医疗
Z43.400,消化道其他人工造口的维护
Z43.600,泌尿道其他人工造口的维护
Z43.800,"人工造口的维护,其他的"
Z44.000,人工臂的（完全）（部分）安装和调整
Z44.100,人工腿的（完全）（部分）安装和调整
Z44.200,人工眼的安装和调整
Z45.100,输注泵的调整和管理
Z45.300,植入性听力装置的调整和管理
Z45.800,调整和管理，其他植入装置的
Z46.200,有关神经系统和特种感觉的其他装置的安装和调整
Z46.300,假牙装置的安装和调整
Z46.500,回肠造口术或其他肠道用具的安装和调整
Z46.600,泌尿装置的安装和调整
Z46.800,安装和调整，其他特指装置的
Z47.000,涉及骨折板和其他内固定装置的随诊医疗
Z47.800,矫形外科的随诊医疗，其他特指的
Z48.000,手术敷料和缝线的维护
Z48.800,随诊医疗，其他特指手术的
Z48.900,手术的随诊医疗
Z49.100,体外透析
Z49.200,透析，其他特指的
Z50.100,物理治疗，其他的
Z50.400,心理治疗，不可归类在他处者
Z50.700,职业性治疗和职业性康复，不可归类在他处者
Z50.800,涉及使用其他康复操作的医疗
Z50.900,涉及使用康复操作的医疗
Z51.000,放射治疗疗程
Z51.100,为肿瘤化学治疗疗程
Z51.200,化学治疗，其他的
Z51.400,为随后治疗的准备医疗，不可归类在他处者
Z51.500,姑息性医疗
Z51.900,医疗照顾
Z52.300,供骨髓者
Z52.600,供肝者
Z52.800,"器官和组织的供者,其他的"
Z53.800,由于其他原因而未进行操作
Z53.900,未进行操作
Z54.200,化疗后恢复期
Z54.800,恢复期，其他治疗后的
Z54.900,"恢复期,治疗后的"
Z57.200,职业性暴露于粉尘
Z57.500,职业性暴露于其他工业毒物
Z59.000,与无家可归有关，具有潜在健康问题
Z60.000,对生活周期转换的适应问题，具有潜在健康问题
Z60.100,与不定型的养育状况有关，具有潜在健康问题
Z60.200,与独自生活有关，具有潜在健康问题
Z60.300,与文化适应困难有关，具有潜在健康问题
Z61.000,与童年时失去所爱亲属有关，具有潜在健康问题
Z61.100,与童年离家有关，具有潜在健康问题
Z61.200,与童年时家庭关系模式的改变有关，具有潜在健康问题
Z61.300,与童年时导致丧失自尊的事件有关，具有潜在健康问题
Z61.400,与儿童据说受家族内成员的性虐待有关，具有潜在健康问题
Z61.500,与儿童据说受家族以外人员的性虐待有关，具有潜在健康问题
Z61.600,与儿童据说身体被虐待有关，具有潜在健康问题
Z61.700,与在童年时受惊吓的经历有关，具有潜在健康问题
Z61.900,与童年时的消极生活事件有关，具有潜在健康问题
Z62.000,与父母监督和管教不足有关，具有潜在健康问题
Z62.100,与父母溺爱有关，具有潜在健康问题
Z62.200,与公共机构的养育有关，具有潜在健康问题
Z62.300,与敌视儿童和儿童代为受过有关，具有潜在健康问题
Z62.400,与对儿童情感的忽视有关，具有潜在健康问题
Z62.500,与忽视养育有关的其他问题，具有潜在健康问题
Z62.600,与父母的不适当压力和其他异常性质的养育有关，具有潜在健康问题
Z63.100,与父母亲和姻亲关系有关的问题，具有潜在健康问题
Z63.200,与家庭生活不适当有关，具有潜在健康问题
Z63.300,与家庭成员缺少有关，具有潜在健康问题
Z63.400,与家庭成员失踪和死亡有关，具有潜在健康问题
Z63.500,与分居和离婚使家庭分裂有关，具有潜在健康问题
Z63.700,与影响家庭和家属的其他充满压力的生活事件有关，具有潜在健康问题
Z63.800,与家族有关的其他特指问题，具有潜在健康问题
Z64.000,与不想要的妊娠有关的问题，具有潜在健康问题
Z64.100,与多产有关的问题，具有潜在健康问题
Z64.400,与顾问不和有关，具有潜在健康问题
Z65.100,与监禁和其他入狱有关，具有潜在健康问题
Z65.300,与其他法律情况有关的问题逮捕，具有潜在健康问题
Z65.400,与犯罪和恐怖主义的受害者有关，具有潜在健康问题
Z65.500,与暴露于灾害、战争和其他敌对行为有关，具有潜在健康问题
Z73.100,与个性品质增强有关的医疗咨询
Z74.100,与需要人员帮助和照顾有关
Z75.800,与医疗设施和其他卫生保健有关的其他问题
Z75.900,与医疗设施和其他卫生保健有关的问题
Z76.200,保健机构对其他健康婴儿和儿童的健康监督和照料
Z76.800,在其他特指情况下与保健机构接触的人
Z80.800,"器官或系统恶性肿瘤家族史,其他的"
Z81.000,精神发育迟缓家族史
Z82.300,脑卒中家族史
Z85.000,消化器官恶性肿瘤个人史
Z85.200,呼吸和胸腔内器官，其他的恶性肿瘤个人史
Z85.400,生殖器官恶性肿瘤个人史
Z85.600,白血病个人史
Z85.700,淋巴、造血和有关组织其他恶性肿瘤个人史
Z85.800,"器官和系统恶性肿瘤个人史,其他的"
Z86.000,肿瘤个人史，其他的
Z86.200,血液和造血器官疾病和某些涉及免疫机制的疾患个人史
Z86.500,精神和行为障碍个人史，其他的
Z87.500,妊娠、分娩和产褥期并发症个人史
Z87.600,起源于围生期的某些情况个人史
Z87.700,先天性畸形、变形和染色体异常个人史
Z88.100,抗生素制剂过敏个人史，其他的
Z88.300,抗感染制剂过敏个人史，其他的
Z88.500,麻醉品过敏个人史
Z88.800,对其他药物、药剂和生物制品过敏个人史
Z88.900,对药物、药剂和生物制品过敏个人史
Z89.000,单侧手指[包括拇指]后天性缺失
Z89.100,手和腕后天性缺失
Z89.400,足和踝后天性缺失
Z89.500,膝或膝以下小腿后天性缺失
Z89.600,膝以上大腿后天性缺失
Z89.700,双下肢后天性缺失[任何水平，除外仅趾]
Z90.000,头和颈部分后天性缺失
Z90.400,消化道其他部分后天性缺失
Z90.500,肾后天性缺失
Z90.700,生殖器官后天性缺失
Z90.800,"器官后天性缺失,其他的"
Z91.400,心理创伤个人史，不可归类在他处者
Z91.500,自我伤害个人史
Z91.600,"身体创伤个人史,其他的"
Z91.800,危险因素个人史，其他特指的不可归类在他处者
Z92.000,避孕个人史
Z92.300,辐射照射个人史
Z92.400,大手术个人史，不可归类在他处者
Z92.800,个人史，其他医疗的
Z93.600,泌尿道的其他人工造口状态
Z94.000,肾移植状态
Z94.300,心和肺移植状态
Z94.800,"器官和组织的移植状态,其他的"
Z95.000,具有电子心脏装置
Z95.100,具有主动脉冠状动脉搭桥术移植物
Z95.200,具有假体心脏瓣膜
Z95.300,具有异种心脏瓣膜
Z95.500,具有冠状血管成形术植入物和移植物
Z95.800,具有其他心脏和血管植入物和移植物
Z96.000,具有泌尿生殖器植入物
Z96.100,具有眼内晶状体
Z96.200,具有耳科学和听力学植入物
Z96.400,具有内分泌科植入物
Z96.600,具有矫形外科关节植入物
Z97.000,具有人工眼
Z97.100,具有人工肢体（完全）（部分）
Z97.200,具有假牙装置（完全）（部分）
Z97.300,具有眼镜和接触镜
Z97.500,子宫内具有避孕装置
Z98.000,肠搭桥术和吻合术状态
Z98.200,具有脑脊液引流装置
Z98.800,手术后状态，其他特指的
Z99.100,依赖呼吸机
Z99.200,依赖肾透析
K43.600,其他未特指的腹疝，伴有梗阻，不伴坏疽
K43.600,其他未特指的腹疝，伴有梗阻，不伴坏疽
M92.700,幼年型距骨骨软骨病
